code,name,date,area_ha
10626,Baixo São Francisco,1/1985,28906.0338952218
10627,Submédio São Francisco,1/1985,87858.77446056303
10628,Médio São Francisco,1/1985,452636.540460635
10629,Alto São Francisco,1/1985,137423.33753233598
10626,Baixo São Francisco,2/1985,28871.373444452514
10627,Submédio São Francisco,2/1985,87421.58709541582
10628,Médio São Francisco,2/1985,452927.740360096
10629,Alto São Francisco,2/1985,163687.58565437156
10626,Baixo São Francisco,3/1985,28367.712546866213
10627,Submédio São Francisco,3/1985,73523.93725967804
10628,Médio São Francisco,3/1985,511661.2105772012
10629,Alto São Francisco,3/1985,163265.17289387283
10626,Baixo São Francisco,4/1985,19129.609218139107
10627,Submédio São Francisco,4/1985,89535.47617537293
10628,Médio São Francisco,4/1985,512383.6267489344
10629,Alto São Francisco,4/1985,140024.95100950208
10626,Baixo São Francisco,5/1985,28357.38609864602
10627,Submédio São Francisco,5/1985,94913.03065584882
10628,Médio São Francisco,5/1985,523313.1345700644
10629,Alto São Francisco,5/1985,166213.40345078902
10626,Baixo São Francisco,6/1985,24510.166226135872
10627,Submédio São Francisco,6/1985,91374.27980304528
10628,Médio São Francisco,6/1985,465686.0433550753
10629,Alto São Francisco,6/1985,162740.98821654913
10626,Baixo São Francisco,7/1985,18581.156168605157
10627,Submédio São Francisco,7/1985,84558.53200075428
10628,Médio São Francisco,7/1985,501417.1679838384
10629,Alto São Francisco,7/1985,166890.31836183713
10626,Baixo São Francisco,8/1985,21088.71335460913
10627,Submédio São Francisco,8/1985,96785.38622045524
10628,Médio São Francisco,8/1985,505804.1106754148
10629,Alto São Francisco,8/1985,167135.7451304922
10626,Baixo São Francisco,9/1985,27872.660509772035
10627,Submédio São Francisco,9/1985,97999.02429644
10628,Médio São Francisco,9/1985,502290.724193144
10629,Alto São Francisco,9/1985,164130.41999879593
10626,Baixo São Francisco,10/1985,27786.239446065065
10627,Submédio São Francisco,10/1985,99617.4508973103
10628,Médio São Francisco,10/1985,456447.4442539826
10629,Alto São Francisco,10/1985,139116.60977196269
10626,Baixo São Francisco,11/1985,29675.55621178526
10627,Submédio São Francisco,11/1985,90547.0440235188
10628,Médio São Francisco,11/1985,401653.9062380308
10629,Alto São Francisco,11/1985,130456.90037883222
10626,Baixo São Francisco,12/1985,27508.18015622271
10627,Submédio São Francisco,12/1985,85838.1979743417
10628,Médio São Francisco,12/1985,409237.7110936368
10629,Alto São Francisco,12/1985,133053.37926302743
10626,Baixo São Francisco,1/1986,29063.543594402174
10627,Submédio São Francisco,1/1986,91184.27117261157
10628,Médio São Francisco,1/1986,479098.4466962144
10629,Alto São Francisco,1/1986,136339.63458919045
10626,Baixo São Francisco,2/1986,27462.141469587004
10627,Submédio São Francisco,2/1986,92550.24284377032
10628,Médio São Francisco,2/1986,463720.7257029858
10629,Alto São Francisco,2/1986,157132.3185012359
10626,Baixo São Francisco,3/1986,27423.69576837553
10627,Submédio São Francisco,3/1986,77521.50045790072
10628,Médio São Francisco,3/1986,496607.5796696028
10629,Alto São Francisco,3/1986,158796.0256033317
10626,Baixo São Francisco,4/1986,27785.565962773013
10627,Submédio São Francisco,4/1986,93082.32025715626
10628,Médio São Francisco,4/1986,491325.7425443909
10629,Alto São Francisco,4/1986,144157.56397516374
10626,Baixo São Francisco,5/1986,30375.985477829967
10627,Submédio São Francisco,5/1986,98839.31631702854
10628,Médio São Francisco,5/1986,505257.6311198176
10629,Alto São Francisco,5/1986,158824.39833902012
10626,Baixo São Francisco,6/1986,26718.62543045816
10627,Submédio São Francisco,6/1986,96502.27825495272
10628,Médio São Francisco,6/1986,495600.3779330318
10629,Alto São Francisco,6/1986,155756.2039014923
10626,Baixo São Francisco,7/1986,23824.94456374339
10627,Submédio São Francisco,7/1986,89615.66428991575
10628,Médio São Francisco,7/1986,499505.3021340117
10629,Alto São Francisco,7/1986,159467.74320117285
10626,Baixo São Francisco,8/1986,30018.07407898184
10627,Submédio São Francisco,8/1986,98309.85960603872
10628,Médio São Francisco,8/1986,500618.7935650858
10629,Alto São Francisco,8/1986,161295.927223379
10626,Baixo São Francisco,9/1986,29282.727054434406
10627,Submédio São Francisco,9/1986,97764.91780161354
10628,Médio São Francisco,9/1986,502022.3608760084
10629,Alto São Francisco,9/1986,162048.45439969897
10626,Baixo São Francisco,10/1986,28481.461074154795
10627,Submédio São Francisco,10/1986,96842.74448083132
10628,Médio São Francisco,10/1986,477707.5898750165
10629,Alto São Francisco,10/1986,145419.985917847
10626,Baixo São Francisco,11/1986,28543.7072295368
10627,Submédio São Francisco,11/1986,92759.54843714672
10628,Médio São Francisco,11/1986,432392.48668603104
10629,Alto São Francisco,11/1986,131911.68447463977
10626,Baixo São Francisco,12/1986,30365.68143168878
10627,Submédio São Francisco,12/1986,93049.80799783842
10628,Médio São Francisco,12/1986,418237.1688945114
10629,Alto São Francisco,12/1986,147251.6239976875
10626,Baixo São Francisco,1/1987,31206.167516133024
10627,Submédio São Francisco,1/1987,91821.32453734174
10628,Médio São Francisco,1/1987,401679.2085957237
10629,Alto São Francisco,1/1987,134995.1680518308
10626,Baixo São Francisco,2/1987,29819.975168934143
10627,Submédio São Francisco,2/1987,92230.53288358384
10628,Médio São Francisco,2/1987,404594.8626024093
10629,Alto São Francisco,2/1987,139828.95636684567
10626,Baixo São Francisco,3/1987,30722.812782821697
10627,Submédio São Francisco,3/1987,75946.03819968917
10628,Médio São Francisco,3/1987,400315.148939331
10629,Alto São Francisco,3/1987,140655.06326279623
10626,Baixo São Francisco,4/1987,28920.379248081277
10627,Submédio São Francisco,4/1987,90796.02022816108
10628,Médio São Francisco,4/1987,400292.2008290895
10629,Alto São Francisco,4/1987,136975.6461082713
10626,Baixo São Francisco,5/1987,31845.68808296344
10627,Submédio São Francisco,5/1987,93598.314380058
10628,Médio São Francisco,5/1987,401421.1727579932
10629,Alto São Francisco,5/1987,141334.6823310623
10626,Baixo São Francisco,6/1987,27905.284866189864
10627,Submédio São Francisco,6/1987,94276.68863412784
10628,Médio São Francisco,6/1987,395427.2266801408
10629,Alto São Francisco,6/1987,139458.94852790266
10626,Baixo São Francisco,7/1987,24753.5501082148
10627,Submédio São Francisco,7/1987,92011.90307504046
10628,Médio São Francisco,7/1987,398996.2312056528
10629,Alto São Francisco,7/1987,141603.35413276308
10626,Baixo São Francisco,8/1987,30192.508530326173
10627,Submédio São Francisco,8/1987,95006.0011590753
10628,Médio São Francisco,8/1987,400582.0355704185
10629,Alto São Francisco,8/1987,145759.58379493377
10626,Baixo São Francisco,9/1987,30597.737457834635
10627,Submédio São Francisco,9/1987,97221.88056096937
10628,Médio São Francisco,9/1987,402039.5126152431
10629,Alto São Francisco,9/1987,147442.89056228657
10626,Baixo São Francisco,10/1987,31057.05507409975
10627,Submédio São Francisco,10/1987,94597.98242637455
10628,Médio São Francisco,10/1987,402330.63443628704
10629,Alto São Francisco,10/1987,141346.49220036063
10626,Baixo São Francisco,11/1987,31594.832307439723
10627,Submédio São Francisco,11/1987,90757.79296245045
10628,Médio São Francisco,11/1987,393573.6250856338
10629,Alto São Francisco,11/1987,135697.29060768674
10626,Baixo São Francisco,12/1987,30538.56155380778
10627,Submédio São Francisco,12/1987,90054.5608023937
10628,Médio São Francisco,12/1987,398392.297732279
10629,Alto São Francisco,12/1987,134663.83685354042
10626,Baixo São Francisco,1/1988,33390.111901443874
10627,Submédio São Francisco,1/1988,145844.53591467938
10628,Médio São Francisco,1/1988,442763.4175659295
10629,Alto São Francisco,1/1988,136643.39202845297
10626,Baixo São Francisco,2/1988,31666.7418323011
10627,Submédio São Francisco,2/1988,146469.84307919326
10628,Médio São Francisco,2/1988,445113.9568792951
10629,Alto São Francisco,2/1988,140839.78494137214
10626,Baixo São Francisco,3/1988,30090.54607144956
10627,Submédio São Francisco,3/1988,137073.97712722866
10628,Médio São Francisco,3/1988,449181.4846578171
10629,Alto São Francisco,3/1988,142247.00933525214
10626,Baixo São Francisco,4/1988,31015.36408822084
10627,Submédio São Francisco,4/1988,148948.0663566003
10628,Médio São Francisco,4/1988,441697.5916457889
10629,Alto São Francisco,4/1988,140278.9863371861
10626,Baixo São Francisco,5/1988,31787.53092582033
10627,Submédio São Francisco,5/1988,144399.29488036482
10628,Médio São Francisco,5/1988,438073.4224833938
10629,Alto São Francisco,5/1988,141519.91159456983
10626,Baixo São Francisco,6/1988,28518.19308508868
10627,Submédio São Francisco,6/1988,146059.5629688922
10628,Médio São Francisco,6/1988,433830.7380991785
10629,Alto São Francisco,6/1988,139548.23996773953
10626,Baixo São Francisco,7/1988,28567.316668805488
10627,Submédio São Francisco,7/1988,149384.36941437074
10628,Médio São Francisco,7/1988,434040.9156779899
10629,Alto São Francisco,7/1988,142607.08886162212
10626,Baixo São Francisco,8/1988,31616.073179401355
10627,Submédio São Francisco,8/1988,147214.8917504519
10628,Médio São Francisco,8/1988,434585.3693099905
10629,Alto São Francisco,8/1988,144443.29323105334
10626,Baixo São Francisco,9/1988,30894.92855912256
10627,Submédio São Francisco,9/1988,152730.91007891836
10628,Médio São Francisco,9/1988,437837.2702893599
10629,Alto São Francisco,9/1988,144505.08545628295
10626,Baixo São Francisco,10/1988,32625.100213125646
10627,Submédio São Francisco,10/1988,150732.2666253028
10628,Médio São Francisco,10/1988,432789.46397720114
10629,Alto São Francisco,10/1988,142215.92472393063
10626,Baixo São Francisco,11/1988,30566.8196960472
10627,Submédio São Francisco,11/1988,143891.25256452695
10628,Médio São Francisco,11/1988,419736.2402270306
10629,Alto São Francisco,11/1988,137730.7259112258
10626,Baixo São Francisco,12/1988,31034.074972130184
10627,Submédio São Francisco,12/1988,143579.65145372052
10628,Médio São Francisco,12/1988,429139.8485454307
10629,Alto São Francisco,12/1988,136016.68787313637
10626,Baixo São Francisco,1/1989,32107.761489119148
10627,Submédio São Francisco,1/1989,148617.5969563339
10628,Médio São Francisco,1/1989,397283.5995402834
10629,Alto São Francisco,1/1989,129783.41324226953
10626,Baixo São Francisco,2/1989,31524.943280069783
10627,Submédio São Francisco,2/1989,149245.56835360636
10628,Médio São Francisco,2/1989,400397.464808487
10629,Alto São Francisco,2/1989,133066.02394571388
10626,Baixo São Francisco,3/1989,31313.62015729159
10627,Submédio São Francisco,3/1989,142901.54566067335
10628,Médio São Francisco,3/1989,398826.5793460999
10629,Alto São Francisco,3/1989,133261.43258528598
10626,Baixo São Francisco,4/1989,31406.226968145
10627,Submédio São Francisco,4/1989,151837.2431898327
10628,Médio São Francisco,4/1989,398023.5030688756
10629,Alto São Francisco,4/1989,132929.8927250014
10626,Baixo São Francisco,5/1989,32423.85559247885
10627,Submédio São Francisco,5/1989,151223.94290311704
10628,Médio São Francisco,5/1989,398047.8493723712
10629,Alto São Francisco,5/1989,136089.4545052475
10626,Baixo São Francisco,6/1989,30091.483250399822
10627,Submédio São Francisco,6/1989,153962.02094327784
10628,Médio São Francisco,6/1989,396378.2186989453
10629,Alto São Francisco,6/1989,134646.48578348622
10626,Baixo São Francisco,7/1989,29578.12492436764
10627,Submédio São Francisco,7/1989,158164.90563636873
10628,Médio São Francisco,7/1989,395648.0238473828
10629,Alto São Francisco,7/1989,136617.77212582703
10626,Baixo São Francisco,8/1989,32602.065569224284
10627,Submédio São Francisco,8/1989,150178.26725714514
10628,Médio São Francisco,8/1989,397454.2087349918
10629,Alto São Francisco,8/1989,138389.21968869632
10626,Baixo São Francisco,9/1989,32930.95154185813
10627,Submédio São Francisco,9/1989,161732.64306675797
10628,Médio São Francisco,9/1989,400109.50366928015
10629,Alto São Francisco,9/1989,137455.23849443207
10626,Baixo São Francisco,10/1989,32130.11664520635
10627,Submédio São Francisco,10/1989,156571.5366381508
10628,Médio São Francisco,10/1989,398798.1149155752
10629,Alto São Francisco,10/1989,136287.22533199805
10626,Baixo São Francisco,11/1989,30798.49574758391
10627,Submédio São Francisco,11/1989,138058.77301697296
10628,Médio São Francisco,11/1989,387008.3833769515
10629,Alto São Francisco,11/1989,130515.66451609312
10626,Baixo São Francisco,12/1989,31238.76337439326
10627,Submédio São Francisco,12/1989,148063.47530877937
10628,Médio São Francisco,12/1989,392410.8910097085
10629,Alto São Francisco,12/1989,129390.6382251638
10626,Baixo São Francisco,1/1990,32336.437267955167
10627,Submédio São Francisco,1/1990,152185.66157566887
10628,Médio São Francisco,1/1990,495389.8704229526
10629,Alto São Francisco,1/1990,136555.57784274305
10626,Baixo São Francisco,2/1990,31314.126593619058
10627,Submédio São Francisco,2/1990,150864.25441576936
10628,Médio São Francisco,2/1990,523943.5319864911
10629,Alto São Francisco,2/1990,139559.47847330495
10626,Baixo São Francisco,3/1990,33073.52106064591
10627,Submédio São Francisco,3/1990,147162.41350056097
10628,Médio São Francisco,3/1990,541058.9099885054
10629,Alto São Francisco,3/1990,141156.43861027304
10626,Baixo São Francisco,4/1990,32198.683018503827
10627,Submédio São Francisco,4/1990,150664.93919349788
10628,Médio São Francisco,4/1990,531268.2629387162
10629,Alto São Francisco,4/1990,140775.65405773176
10626,Baixo São Francisco,5/1990,32216.8251344502
10627,Submédio São Francisco,5/1990,159775.1700943149
10628,Médio São Francisco,5/1990,535329.9012107906
10629,Alto São Francisco,5/1990,142175.88148089388
10626,Baixo São Francisco,6/1990,30719.463522642363
10627,Submédio São Francisco,6/1990,156401.63266788825
10628,Médio São Francisco,6/1990,513112.8856825545
10629,Alto São Francisco,6/1990,141033.1077900376
10626,Baixo São Francisco,7/1990,30545.90279035916
10627,Submédio São Francisco,7/1990,156872.7835798474
10628,Médio São Francisco,7/1990,523291.2024296568
10629,Alto São Francisco,7/1990,142280.09462434278
10626,Baixo São Francisco,8/1990,32349.99743616254
10627,Submédio São Francisco,8/1990,157432.7104222138
10628,Médio São Francisco,8/1990,515630.9228401322
10629,Alto São Francisco,8/1990,144096.34390047126
10626,Baixo São Francisco,9/1990,32492.39551101965
10627,Submédio São Francisco,9/1990,159109.64304265988
10628,Médio São Francisco,9/1990,504460.1873325704
10629,Alto São Francisco,9/1990,144470.39009550042
10626,Baixo São Francisco,10/1990,32261.528692950087
10627,Submédio São Francisco,10/1990,158037.01970780003
10628,Médio São Francisco,10/1990,483090.5212836902
10629,Alto São Francisco,10/1990,142078.5073120879
10626,Baixo São Francisco,11/1990,31319.95567279896
10627,Submédio São Francisco,11/1990,145630.26907864743
10628,Médio São Francisco,11/1990,432252.73824633687
10629,Alto São Francisco,11/1990,138085.6303747883
10626,Baixo São Francisco,12/1990,32692.69076623284
10627,Submédio São Francisco,12/1990,149818.766582367
10628,Médio São Francisco,12/1990,467763.4192597215
10629,Alto São Francisco,12/1990,137835.00213307075
10626,Baixo São Francisco,1/1991,34306.63152482171
10627,Submédio São Francisco,1/1991,150443.50470923487
10628,Médio São Francisco,1/1991,480131.0566228551
10629,Alto São Francisco,1/1991,145097.40589562606
10626,Baixo São Francisco,2/1991,33718.8669182734
10627,Submédio São Francisco,2/1991,153215.59188082
10628,Médio São Francisco,2/1991,518774.4973194461
10629,Alto São Francisco,2/1991,155673.0971209232
10626,Baixo São Francisco,3/1991,32218.436800557243
10627,Submédio São Francisco,3/1991,146380.77203440748
10628,Médio São Francisco,3/1991,540171.9742926691
10629,Alto São Francisco,3/1991,164152.5159990915
10626,Baixo São Francisco,4/1991,34017.22540521586
10627,Submédio São Francisco,4/1991,149597.16837104832
10628,Médio São Francisco,4/1991,534453.0704523821
10629,Alto São Francisco,4/1991,166878.44298448745
10626,Baixo São Francisco,5/1991,32229.935485892747
10627,Submédio São Francisco,5/1991,149009.98149092856
10628,Médio São Francisco,5/1991,535411.819071748
10629,Alto São Francisco,5/1991,164400.53993232566
10626,Baixo São Francisco,6/1991,30276.685489632942
10627,Submédio São Francisco,6/1991,156375.39449356028
10628,Médio São Francisco,6/1991,513567.7734546449
10629,Alto São Francisco,6/1991,166063.4282453485
10626,Baixo São Francisco,7/1991,31279.55304098872
10627,Submédio São Francisco,7/1991,157421.35515739434
10628,Médio São Francisco,7/1991,514129.67281621794
10629,Alto São Francisco,7/1991,169461.31455051215
10626,Baixo São Francisco,8/1991,34035.400362479704
10627,Submédio São Francisco,8/1991,155508.37452146815
10628,Médio São Francisco,8/1991,514719.88703937735
10629,Alto São Francisco,8/1991,174269.4311561181
10626,Baixo São Francisco,9/1991,32155.181612349545
10627,Submédio São Francisco,9/1991,154630.02676966626
10628,Médio São Francisco,9/1991,516770.1276062141
10629,Alto São Francisco,9/1991,156829.61269082787
10626,Baixo São Francisco,10/1991,33340.20945609044
10627,Submédio São Francisco,10/1991,155704.9179987852
10628,Médio São Francisco,10/1991,457374.2431741292
10629,Alto São Francisco,10/1991,150807.36897265766
10626,Baixo São Francisco,11/1991,33317.47459539114
10627,Submédio São Francisco,11/1991,147588.4125116385
10628,Médio São Francisco,11/1991,467708.6047209043
10629,Alto São Francisco,11/1991,152977.5242401174
10626,Baixo São Francisco,12/1991,35013.73841192752
10627,Submédio São Francisco,12/1991,151136.80882499195
10628,Médio São Francisco,12/1991,436975.70485810406
10629,Alto São Francisco,12/1991,151979.9537480474
10626,Baixo São Francisco,1/1992,33988.19898384449
10627,Submédio São Francisco,1/1992,148461.5944973616
10628,Médio São Francisco,1/1992,502022.4626465045
10629,Alto São Francisco,1/1992,149689.31280509772
10626,Baixo São Francisco,2/1992,33572.61440313867
10627,Submédio São Francisco,2/1992,152195.62144832886
10628,Médio São Francisco,2/1992,544461.1272503481
10629,Alto São Francisco,2/1992,163743.7861971007
10626,Baixo São Francisco,3/1992,31882.20000145056
10627,Submédio São Francisco,3/1992,147755.58832332888
10628,Médio São Francisco,3/1992,568544.1223562176
10629,Alto São Francisco,3/1992,165154.63460070937
10626,Baixo São Francisco,4/1992,33614.50437803356
10627,Submédio São Francisco,4/1992,154165.46416398534
10628,Médio São Francisco,4/1992,552372.1460469777
10629,Alto São Francisco,4/1992,159267.48118663358
10626,Baixo São Francisco,5/1992,33718.56185413914
10627,Submédio São Francisco,5/1992,150349.68963407766
10628,Médio São Francisco,5/1992,548184.5864476074
10629,Alto São Francisco,5/1992,169787.67988196458
10626,Baixo São Francisco,6/1992,31449.1995875484
10627,Submédio São Francisco,6/1992,158407.02759686875
10628,Médio São Francisco,6/1992,529161.0630174567
10629,Alto São Francisco,6/1992,167177.81066771192
10626,Baixo São Francisco,7/1992,32117.909837536
10627,Submédio São Francisco,7/1992,160666.45159871044
10628,Médio São Francisco,7/1992,533899.4779062247
10629,Alto São Francisco,7/1992,168566.04557034437
10626,Baixo São Francisco,8/1992,34636.95655081755
10627,Submédio São Francisco,8/1992,161395.3321732696
10628,Médio São Francisco,8/1992,540190.3640545302
10629,Alto São Francisco,8/1992,177541.91269820384
10626,Baixo São Francisco,9/1992,33550.43440786107
10627,Submédio São Francisco,9/1992,154918.58284870372
10628,Médio São Francisco,9/1992,486942.48525771056
10629,Alto São Francisco,9/1992,169162.07080411902
10626,Baixo São Francisco,10/1992,35796.85040505455
10627,Submédio São Francisco,10/1992,155153.00136494354
10628,Médio São Francisco,10/1992,511764.6269327796
10629,Alto São Francisco,10/1992,160778.69800453918
10626,Baixo São Francisco,11/1992,34924.15217949967
10627,Submédio São Francisco,11/1992,155193.45616241722
10628,Médio São Francisco,11/1992,464210.847308042
10629,Alto São Francisco,11/1992,159066.132288527
10626,Baixo São Francisco,12/1992,34111.18859901826
10627,Submédio São Francisco,12/1992,144367.9963144082
10628,Médio São Francisco,12/1992,522816.4855625202
10629,Alto São Francisco,12/1992,149877.424018245
10626,Baixo São Francisco,1/1993,37851.456102705866
10627,Submédio São Francisco,1/1993,145220.9854792582
10628,Médio São Francisco,1/1993,499323.1383361254
10629,Alto São Francisco,1/1993,152249.2212353254
10626,Baixo São Francisco,2/1993,37485.31404956795
10627,Submédio São Francisco,2/1993,145733.28854793686
10628,Médio São Francisco,2/1993,533979.9066315655
10629,Alto São Francisco,2/1993,157134.11871812306
10626,Baixo São Francisco,3/1993,35807.522772311306
10627,Submédio São Francisco,3/1993,139756.382831657
10628,Médio São Francisco,3/1993,538936.377044016
10629,Alto São Francisco,3/1993,162615.07000601143
10626,Baixo São Francisco,4/1993,35374.02410341692
10627,Submédio São Francisco,4/1993,142359.08245401655
10628,Médio São Francisco,4/1993,532815.9590214242
10629,Alto São Francisco,4/1993,164786.87247401892
10626,Baixo São Francisco,5/1993,35074.708841048545
10627,Submédio São Francisco,5/1993,142568.01620685097
10628,Médio São Francisco,5/1993,532529.4922013112
10629,Alto São Francisco,5/1993,164461.5306787915
10626,Baixo São Francisco,6/1993,31570.929344526998
10627,Submédio São Francisco,6/1993,145360.70705531232
10628,Médio São Francisco,6/1993,507818.7032722587
10629,Alto São Francisco,6/1993,164121.5102278148
10626,Baixo São Francisco,7/1993,32021.17339487943
10627,Submédio São Francisco,7/1993,148205.09352035305
10628,Médio São Francisco,7/1993,515248.6772371481
10629,Alto São Francisco,7/1993,160864.5496032336
10626,Baixo São Francisco,8/1993,34342.93781498167
10627,Submédio São Francisco,8/1993,148941.8949699955
10628,Médio São Francisco,8/1993,512426.9602481521
10629,Alto São Francisco,8/1993,170931.0582663443
10626,Baixo São Francisco,9/1993,33046.21818973585
10627,Submédio São Francisco,9/1993,148887.49088976128
10628,Médio São Francisco,9/1993,505356.0051714488
10629,Alto São Francisco,9/1993,172209.65965602658
10626,Baixo São Francisco,10/1993,33388.058131175574
10627,Submédio São Francisco,10/1993,148400.35745451247
10628,Médio São Francisco,10/1993,474208.1898927424
10629,Alto São Francisco,10/1993,157740.21019286572
10626,Baixo São Francisco,11/1993,33047.76031640318
10627,Submédio São Francisco,11/1993,145786.7462329107
10628,Médio São Francisco,11/1993,464960.417391397
10629,Alto São Francisco,11/1993,158191.81059422396
10626,Baixo São Francisco,12/1993,33704.4747985616
10627,Submédio São Francisco,12/1993,142296.9191538122
10628,Médio São Francisco,12/1993,438299.5729125521
10629,Alto São Francisco,12/1993,145904.39377551124
10626,Baixo São Francisco,1/1994,34104.92457138927
10627,Submédio São Francisco,1/1994,143365.1496831929
10628,Médio São Francisco,1/1994,474868.4359463324
10629,Alto São Francisco,1/1994,152808.89925447752
10626,Baixo São Francisco,2/1994,31948.67852307277
10627,Submédio São Francisco,2/1994,144869.8696758166
10628,Médio São Francisco,2/1994,513878.852763891
10629,Alto São Francisco,2/1994,159237.9062757292
10626,Baixo São Francisco,3/1994,32612.35652561532
10627,Submédio São Francisco,3/1994,141231.17485158576
10628,Médio São Francisco,3/1994,518250.1236847199
10629,Alto São Francisco,3/1994,157339.70355181748
10626,Baixo São Francisco,4/1994,33481.5470296998
10627,Submédio São Francisco,4/1994,145515.57887115664
10628,Médio São Francisco,4/1994,514286.5959099968
10629,Alto São Francisco,4/1994,161769.7371274235
10626,Baixo São Francisco,5/1994,33166.87115800739
10627,Submédio São Francisco,5/1994,149705.5076548682
10628,Médio São Francisco,5/1994,524954.6866372519
10629,Alto São Francisco,5/1994,164047.38612033226
10626,Baixo São Francisco,6/1994,31516.90420936377
10627,Submédio São Francisco,6/1994,146269.2823375727
10628,Médio São Francisco,6/1994,514096.1096876525
10629,Alto São Francisco,6/1994,166125.59019711407
10626,Baixo São Francisco,7/1994,32336.31456958669
10627,Submédio São Francisco,7/1994,151425.69615738717
10628,Médio São Francisco,7/1994,511098.9128523643
10629,Alto São Francisco,7/1994,165062.79500468692
10626,Baixo São Francisco,8/1994,33426.71545321278
10627,Submédio São Francisco,8/1994,147838.95134608095
10628,Médio São Francisco,8/1994,502175.03155990713
10629,Alto São Francisco,8/1994,160326.30629185797
10626,Baixo São Francisco,9/1994,32004.837688291555
10627,Submédio São Francisco,9/1994,145633.82116637653
10628,Médio São Francisco,9/1994,478770.7005322492
10629,Alto São Francisco,9/1994,159353.00683299926
10626,Baixo São Francisco,10/1994,33678.304952725135
10627,Submédio São Francisco,10/1994,148027.1570339023
10628,Médio São Francisco,10/1994,458877.26666136936
10629,Alto São Francisco,10/1994,156558.76092126846
10626,Baixo São Francisco,11/1994,32487.37245643149
10627,Submédio São Francisco,11/1994,149065.35585358753
10628,Médio São Francisco,11/1994,451252.9564350675
10629,Alto São Francisco,11/1994,155781.49993045683
10626,Baixo São Francisco,12/1994,33035.12976597628
10627,Submédio São Francisco,12/1994,143071.7191474171
10628,Médio São Francisco,12/1994,437955.1605214526
10629,Alto São Francisco,12/1994,143406.06814945966
10626,Baixo São Francisco,1/1995,30042.142263298032
10627,Submédio São Francisco,1/1995,144521.71361065478
10628,Médio São Francisco,1/1995,419234.1942627378
10629,Alto São Francisco,1/1995,150033.02791956702
10626,Baixo São Francisco,2/1995,28579.18192137498
10627,Submédio São Francisco,2/1995,144382.61565008076
10628,Médio São Francisco,2/1995,421451.9214018199
10629,Alto São Francisco,2/1995,155514.5042688297
10626,Baixo São Francisco,3/1995,29766.68757589068
10627,Submédio São Francisco,3/1995,142843.67667498835
10628,Médio São Francisco,3/1995,421824.4494724867
10629,Alto São Francisco,3/1995,155546.90827000016
10626,Baixo São Francisco,4/1995,30420.349212602883
10627,Submédio São Francisco,4/1995,146011.0348474399
10628,Médio São Francisco,4/1995,425994.4449412455
10629,Alto São Francisco,4/1995,159901.24887246103
10626,Baixo São Francisco,5/1995,29362.683014560647
10627,Submédio São Francisco,5/1995,148000.55607733544
10628,Médio São Francisco,5/1995,426119.5974982089
10629,Alto São Francisco,5/1995,160006.29859365468
10626,Baixo São Francisco,6/1995,28911.396925621117
10627,Submédio São Francisco,6/1995,146714.65388508738
10628,Médio São Francisco,6/1995,423277.5133758467
10629,Alto São Francisco,6/1995,161289.9516608663
10626,Baixo São Francisco,7/1995,29302.344168684464
10627,Submédio São Francisco,7/1995,151388.21027185826
10628,Médio São Francisco,7/1995,422349.16775027546
10629,Alto São Francisco,7/1995,161139.4371558293
10626,Baixo São Francisco,8/1995,29840.65518215561
10627,Submédio São Francisco,8/1995,148367.01192893067
10628,Médio São Francisco,8/1995,424725.11084418127
10629,Alto São Francisco,8/1995,164210.99439871602
10626,Baixo São Francisco,9/1995,29710.356738547503
10627,Submédio São Francisco,9/1995,145754.2614428565
10628,Médio São Francisco,9/1995,421744.4473354776
10629,Alto São Francisco,9/1995,162410.28170527233
10626,Baixo São Francisco,10/1995,31095.432647679118
10627,Submédio São Francisco,10/1995,149002.816972916
10628,Médio São Francisco,10/1995,417035.80780003953
10629,Alto São Francisco,10/1995,152310.3228227668
10626,Baixo São Francisco,11/1995,30582.33535775297
10627,Submédio São Francisco,11/1995,146631.77432080524
10628,Médio São Francisco,11/1995,410979.0953081093
10629,Alto São Francisco,11/1995,151113.27358311237
10626,Baixo São Francisco,12/1995,30782.20666385389
10627,Submédio São Francisco,12/1995,145584.5126953942
10628,Médio São Francisco,12/1995,402505.33635582856
10629,Alto São Francisco,12/1995,141301.80741955477
10626,Baixo São Francisco,1/1996,34574.98084618711
10627,Submédio São Francisco,1/1996,142587.40351908
10628,Médio São Francisco,1/1996,402272.3733367448
10629,Alto São Francisco,1/1996,143818.76997161785
10626,Baixo São Francisco,2/1996,33352.59858005479
10627,Submédio São Francisco,2/1996,143287.3194610676
10628,Médio São Francisco,2/1996,403244.9228282364
10629,Alto São Francisco,2/1996,145603.88652939574
10626,Baixo São Francisco,3/1996,32381.22716305677
10627,Submédio São Francisco,3/1996,145114.71385827727
10628,Médio São Francisco,3/1996,402637.7462506832
10629,Alto São Francisco,3/1996,148090.77296940456
10626,Baixo São Francisco,4/1996,31836.34641263922
10627,Submédio São Francisco,4/1996,145686.20953669574
10628,Médio São Francisco,4/1996,403390.7196887342
10629,Alto São Francisco,4/1996,148429.36517013097
10626,Baixo São Francisco,5/1996,32916.185741042354
10627,Submédio São Francisco,5/1996,146912.50894712753
10628,Médio São Francisco,5/1996,403346.9982433544
10629,Alto São Francisco,5/1996,147080.3748324538
10626,Baixo São Francisco,6/1996,31338.231744714496
10627,Submédio São Francisco,6/1996,147557.2212802151
10628,Médio São Francisco,6/1996,397822.09158671874
10629,Alto São Francisco,6/1996,146446.3829016281
10626,Baixo São Francisco,7/1996,31142.44464354895
10627,Submédio São Francisco,7/1996,149968.6886844322
10628,Médio São Francisco,7/1996,395847.9038640884
10629,Alto São Francisco,7/1996,147231.81231268094
10626,Baixo São Francisco,8/1996,32278.3687187508
10627,Submédio São Francisco,8/1996,145272.59702552564
10628,Médio São Francisco,8/1996,398279.1358193823
10629,Alto São Francisco,8/1996,149745.0676950663
10626,Baixo São Francisco,9/1996,31905.951945225668
10627,Submédio São Francisco,9/1996,148676.43941259553
10628,Médio São Francisco,9/1996,393810.87054626615
10629,Alto São Francisco,9/1996,149893.22150200847
10626,Baixo São Francisco,10/1996,32515.85341914484
10627,Submédio São Francisco,10/1996,147951.5171334785
10628,Médio São Francisco,10/1996,392948.74434593547
10629,Alto São Francisco,10/1996,144445.9808147845
10626,Baixo São Francisco,11/1996,33400.30942386289
10627,Submédio São Francisco,11/1996,148791.2702905732
10628,Médio São Francisco,11/1996,392171.6915559857
10629,Alto São Francisco,11/1996,143218.92350609126
10626,Baixo São Francisco,12/1996,34049.00858045713
10627,Submédio São Francisco,12/1996,145873.9620869659
10628,Médio São Francisco,12/1996,378896.6728450644
10629,Alto São Francisco,12/1996,135532.03989985597
10626,Baixo São Francisco,1/1997,33908.60519886269
10627,Submédio São Francisco,1/1997,143047.53358714894
10628,Médio São Francisco,1/1997,446740.08742597833
10629,Alto São Francisco,1/1997,156160.81560957702
10626,Baixo São Francisco,2/1997,30499.62267687249
10627,Submédio São Francisco,2/1997,144164.11691550995
10628,Médio São Francisco,2/1997,483940.3979383202
10629,Alto São Francisco,2/1997,159722.99341191578
10626,Baixo São Francisco,3/1997,31738.77230688161
10627,Submédio São Francisco,3/1997,145127.70089914443
10628,Médio São Francisco,3/1997,491329.1347768079
10629,Alto São Francisco,3/1997,157374.12532127276
10626,Baixo São Francisco,4/1997,31923.167890879195
10627,Submédio São Francisco,4/1997,146056.85668345756
10628,Médio São Francisco,4/1997,483154.5195512932
10629,Alto São Francisco,4/1997,159252.92363030894
10626,Baixo São Francisco,5/1997,31203.968761584907
10627,Submédio São Francisco,5/1997,147703.5621321072
10628,Médio São Francisco,5/1997,501969.7239714332
10629,Alto São Francisco,5/1997,158429.97436055233
10626,Baixo São Francisco,6/1997,29837.850670010117
10627,Submédio São Francisco,6/1997,150429.5252292049
10628,Médio São Francisco,6/1997,504692.0026947878
10629,Alto São Francisco,6/1997,162720.11543707846
10626,Baixo São Francisco,7/1997,30679.94044225801
10627,Submédio São Francisco,7/1997,152448.48545281828
10628,Médio São Francisco,7/1997,507295.6894641087
10629,Alto São Francisco,7/1997,164044.45432559037
10626,Baixo São Francisco,8/1997,31176.973768568198
10627,Submédio São Francisco,8/1997,146078.58526883152
10628,Médio São Francisco,8/1997,505035.0961964354
10629,Alto São Francisco,8/1997,164343.9107934566
10626,Baixo São Francisco,9/1997,31440.11828250021
10627,Submédio São Francisco,9/1997,148132.22587975714
10628,Médio São Francisco,9/1997,495512.7539795344
10629,Alto São Francisco,9/1997,160987.21947631717
10626,Baixo São Francisco,10/1997,31928.093887398634
10627,Submédio São Francisco,10/1997,149403.23404412364
10628,Médio São Francisco,10/1997,485098.7296982549
10629,Alto São Francisco,10/1997,146507.04143671412
10626,Baixo São Francisco,11/1997,32722.527501059118
10627,Submédio São Francisco,11/1997,147289.47139221017
10628,Médio São Francisco,11/1997,463213.7042086354
10629,Alto São Francisco,11/1997,146816.507813014
10626,Baixo São Francisco,12/1997,31501.65979951098
10627,Submédio São Francisco,12/1997,139819.75151848825
10628,Médio São Francisco,12/1997,392063.4101051533
10629,Alto São Francisco,12/1997,129618.74791842046
10626,Baixo São Francisco,1/1998,30129.13664558984
10627,Submédio São Francisco,1/1998,136121.48514689467
10628,Médio São Francisco,1/1998,403171.0934916207
10629,Alto São Francisco,1/1998,152026.63852060246
10626,Baixo São Francisco,2/1998,29114.82644287029
10627,Submédio São Francisco,2/1998,138984.7953461496
10628,Médio São Francisco,2/1998,433496.614814476
10629,Alto São Francisco,2/1998,148966.72014701425
10626,Baixo São Francisco,3/1998,29217.822697069667
10627,Submédio São Francisco,3/1998,138645.91392808466
10628,Médio São Francisco,3/1998,440072.614227956
10629,Alto São Francisco,3/1998,150560.1263273305
10626,Baixo São Francisco,4/1998,28845.116870640013
10627,Submédio São Francisco,4/1998,138878.25266465687
10628,Médio São Francisco,4/1998,429364.46020763536
10629,Alto São Francisco,4/1998,154375.7356618162
10626,Baixo São Francisco,5/1998,29229.052189904512
10627,Submédio São Francisco,5/1998,140611.91468981295
10628,Médio São Francisco,5/1998,436413.1657995735
10629,Alto São Francisco,5/1998,149146.22686317205
10626,Baixo São Francisco,6/1998,28574.967234347743
10627,Submédio São Francisco,6/1998,144641.34967883007
10628,Médio São Francisco,6/1998,462918.1697144503
10629,Alto São Francisco,6/1998,153563.52785893955
10626,Baixo São Francisco,7/1998,29211.26310590588
10627,Submédio São Francisco,7/1998,143626.18683889174
10628,Médio São Francisco,7/1998,455768.33158168057
10629,Alto São Francisco,7/1998,154262.74384330225
10626,Baixo São Francisco,8/1998,30257.362786412665
10627,Submédio São Francisco,8/1998,143227.69878830315
10628,Médio São Francisco,8/1998,451638.6766919527
10629,Alto São Francisco,8/1998,154432.01025751166
10626,Baixo São Francisco,9/1998,29389.755566886248
10627,Submédio São Francisco,9/1998,144861.677904632
10628,Médio São Francisco,9/1998,422049.3422070521
10629,Alto São Francisco,9/1998,152641.24900062065
10626,Baixo São Francisco,10/1998,31010.426163378168
10627,Submédio São Francisco,10/1998,145864.0371486715
10628,Médio São Francisco,10/1998,419753.8724440673
10629,Alto São Francisco,10/1998,142144.1103383716
10626,Baixo São Francisco,11/1998,30671.80144632324
10627,Submédio São Francisco,11/1998,144985.1930379111
10628,Médio São Francisco,11/1998,388847.8652328995
10629,Alto São Francisco,11/1998,136645.2557577486
10626,Baixo São Francisco,12/1998,30745.952086814774
10627,Submédio São Francisco,12/1998,140977.3731186476
10628,Médio São Francisco,12/1998,357919.65675467235
10629,Alto São Francisco,12/1998,131259.37576827785
10626,Baixo São Francisco,1/1999,32454.03984796416
10627,Submédio São Francisco,1/1999,140120.8450000373
10628,Médio São Francisco,1/1999,405327.42524886667
10629,Alto São Francisco,1/1999,139579.81344717307
10626,Baixo São Francisco,2/1999,30988.64678442193
10627,Submédio São Francisco,2/1999,145366.044893463
10628,Médio São Francisco,2/1999,409446.7624587983
10629,Alto São Francisco,2/1999,140775.2564131289
10626,Baixo São Francisco,3/1999,30749.81776868323
10627,Submédio São Francisco,3/1999,143484.57667179094
10628,Médio São Francisco,3/1999,409737.5021877637
10629,Alto São Francisco,3/1999,142733.6543320658
10626,Baixo São Francisco,4/1999,32925.7717338365
10627,Submédio São Francisco,4/1999,146535.0683147277
10628,Médio São Francisco,4/1999,409876.9830070356
10629,Alto São Francisco,4/1999,143779.0744016463
10626,Baixo São Francisco,5/1999,32859.379669275
10627,Submédio São Francisco,5/1999,146351.50730007357
10628,Médio São Francisco,5/1999,412481.60927162494
10629,Alto São Francisco,5/1999,141491.72082164386
10626,Baixo São Francisco,6/1999,29761.469242976968
10627,Submédio São Francisco,6/1999,148177.91553891814
10628,Médio São Francisco,6/1999,411515.5996037016
10629,Alto São Francisco,6/1999,145072.78185232906
10626,Baixo São Francisco,7/1999,30308.963865178383
10627,Submédio São Francisco,7/1999,149616.179011251
10628,Médio São Francisco,7/1999,410874.7029565949
10629,Alto São Francisco,7/1999,145330.7958382561
10626,Baixo São Francisco,8/1999,30395.31336013063
10627,Submédio São Francisco,8/1999,146389.23169141423
10628,Médio São Francisco,8/1999,407393.7394287282
10629,Alto São Francisco,8/1999,145128.917155566
10626,Baixo São Francisco,9/1999,29925.38089254471
10627,Submédio São Francisco,9/1999,148486.49250515096
10628,Médio São Francisco,9/1999,394922.0179394765
10629,Alto São Francisco,9/1999,147360.9673099579
10626,Baixo São Francisco,10/1999,31460.018683716095
10627,Submédio São Francisco,10/1999,144812.23403521505
10628,Médio São Francisco,10/1999,398574.8970170397
10629,Alto São Francisco,10/1999,141385.4332084415
10626,Baixo São Francisco,11/1999,32067.3208300114
10627,Submédio São Francisco,11/1999,146478.59064536568
10628,Médio São Francisco,11/1999,387912.3698753204
10629,Alto São Francisco,11/1999,137334.57605808563
10626,Baixo São Francisco,12/1999,33315.520392026905
10627,Submédio São Francisco,12/1999,143194.28677272898
10628,Médio São Francisco,12/1999,369987.9397148576
10629,Alto São Francisco,12/1999,132729.1905428771
10626,Baixo São Francisco,1/2000,27439.36019674953
10627,Submédio São Francisco,1/2000,135329.7553893941
10628,Médio São Francisco,1/2000,380238.37495796016
10629,Alto São Francisco,1/2000,127276.7699013488
10626,Baixo São Francisco,2/2000,26434.85033011649
10627,Submédio São Francisco,2/2000,138720.78891488377
10628,Médio São Francisco,2/2000,386591.1711707484
10629,Alto São Francisco,2/2000,127806.88987843836
10626,Baixo São Francisco,3/2000,26512.671458071487
10627,Submédio São Francisco,3/2000,136681.48629517763
10628,Médio São Francisco,3/2000,399189.6613081623
10629,Alto São Francisco,3/2000,137105.60235640165
10626,Baixo São Francisco,4/2000,27452.487543061052
10627,Submédio São Francisco,4/2000,138383.05867673564
10628,Médio São Francisco,4/2000,383441.68278632575
10629,Alto São Francisco,4/2000,134594.71580048656
10626,Baixo São Francisco,5/2000,26588.14897660772
10627,Submédio São Francisco,5/2000,141893.97148259336
10628,Médio São Francisco,5/2000,395377.3524317868
10629,Alto São Francisco,5/2000,132966.3001238852
10626,Baixo São Francisco,6/2000,27300.05187439461
10627,Submédio São Francisco,6/2000,143553.9832964978
10628,Médio São Francisco,6/2000,390648.6181362141
10629,Alto São Francisco,6/2000,132751.05018045186
10626,Baixo São Francisco,7/2000,27097.55368705686
10627,Submédio São Francisco,7/2000,143286.83097729782
10628,Médio São Francisco,7/2000,382260.3039191304
10629,Alto São Francisco,7/2000,130038.81502299348
10626,Baixo São Francisco,8/2000,26356.9238808261
10627,Submédio São Francisco,8/2000,142279.35607410973
10628,Médio São Francisco,8/2000,375145.581537593
10629,Alto São Francisco,8/2000,128574.37521749416
10626,Baixo São Francisco,9/2000,27366.65683089401
10627,Submédio São Francisco,9/2000,139972.9873120386
10628,Médio São Francisco,9/2000,366269.9682517472
10629,Alto São Francisco,9/2000,128862.6702990014
10626,Baixo São Francisco,10/2000,27780.58927396074
10627,Submédio São Francisco,10/2000,140609.0351925081
10628,Médio São Francisco,10/2000,364555.6877841629
10629,Alto São Francisco,10/2000,124565.541187274
10626,Baixo São Francisco,11/2000,27768.822312704997
10627,Submédio São Francisco,11/2000,139405.73707223483
10628,Médio São Francisco,11/2000,353710.6090359652
10629,Alto São Francisco,11/2000,118196.49049762356
10626,Baixo São Francisco,12/2000,27372.35208872253
10627,Submédio São Francisco,12/2000,134930.5294815073
10628,Médio São Francisco,12/2000,341788.7535871067
10629,Alto São Francisco,12/2000,124177.0379973967
10626,Baixo São Francisco,1/2001,26668.220142438517
10627,Submédio São Francisco,1/2001,130915.17415185527
10628,Médio São Francisco,1/2001,343430.5369890089
10629,Alto São Francisco,1/2001,108645.91790228782
10626,Baixo São Francisco,2/2001,26119.12845687673
10627,Submédio São Francisco,2/2001,131898.29556557408
10628,Médio São Francisco,2/2001,340644.6634023131
10629,Alto São Francisco,2/2001,108272.94413528792
10626,Baixo São Francisco,3/2001,26270.31550125506
10627,Submédio São Francisco,3/2001,133130.29330159782
10628,Médio São Francisco,3/2001,342227.4553102734
10629,Alto São Francisco,3/2001,108162.80814119232
10626,Baixo São Francisco,4/2001,26314.41722259762
10627,Submédio São Francisco,4/2001,133838.7743977583
10628,Médio São Francisco,4/2001,337309.14209459623
10629,Alto São Francisco,4/2001,104780.49521838022
10626,Baixo São Francisco,5/2001,25671.953818873484
10627,Submédio São Francisco,5/2001,132354.39600197063
10628,Médio São Francisco,5/2001,334814.8200118867
10629,Alto São Francisco,5/2001,102700.35625575186
10626,Baixo São Francisco,6/2001,25720.65597079101
10627,Submédio São Francisco,6/2001,131539.9523036406
10628,Médio São Francisco,6/2001,328454.94121261
10629,Alto São Francisco,6/2001,104301.40617647648
10626,Baixo São Francisco,7/2001,25550.993630504763
10627,Submédio São Francisco,7/2001,131593.23030294388
10628,Médio São Francisco,7/2001,326770.7312093796
10629,Alto São Francisco,7/2001,103113.52734757208
10626,Baixo São Francisco,8/2001,25679.65867918662
10627,Submédio São Francisco,8/2001,132222.48876384267
10628,Médio São Francisco,8/2001,326252.1035212036
10629,Alto São Francisco,8/2001,105636.9856808189
10626,Baixo São Francisco,9/2001,25851.83341925927
10627,Submédio São Francisco,9/2001,129945.64477512515
10628,Médio São Francisco,9/2001,327131.6891952403
10629,Alto São Francisco,9/2001,106653.99413588276
10626,Baixo São Francisco,10/2001,26233.610916201156
10627,Submédio São Francisco,10/2001,129627.87288954244
10628,Médio São Francisco,10/2001,326569.45420064667
10629,Alto São Francisco,10/2001,106532.97690770036
10626,Baixo São Francisco,11/2001,26542.615836512625
10627,Submédio São Francisco,11/2001,129467.07233984716
10628,Médio São Francisco,11/2001,326795.0849271787
10629,Alto São Francisco,11/2001,106265.98877128409
10626,Baixo São Francisco,12/2001,26875.30305335477
10627,Submédio São Francisco,12/2001,130562.69724030158
10628,Médio São Francisco,12/2001,323779.0602379948
10629,Alto São Francisco,12/2001,106178.73899607516
10626,Baixo São Francisco,1/2002,27520.67111951223
10627,Submédio São Francisco,1/2002,143837.4084880722
10628,Médio São Francisco,1/2002,379453.8909548941
10629,Alto São Francisco,1/2002,124188.63700359224
10626,Baixo São Francisco,2/2002,26822.924566616228
10627,Submédio São Francisco,2/2002,150744.56222359382
10628,Médio São Francisco,2/2002,381097.6190184156
10629,Alto São Francisco,2/2002,125663.2320227462
10626,Baixo São Francisco,3/2002,27749.08188850354
10627,Submédio São Francisco,3/2002,150842.7998398163
10628,Médio São Francisco,3/2002,391739.9986569479
10629,Alto São Francisco,3/2002,126833.85383746497
10626,Baixo São Francisco,4/2002,27494.702140445854
10627,Submédio São Francisco,4/2002,149511.5611841091
10628,Médio São Francisco,4/2002,389121.32579214586
10629,Alto São Francisco,4/2002,127309.49172894808
10626,Baixo São Francisco,5/2002,27632.188835863297
10627,Submédio São Francisco,5/2002,151920.71562526113
10628,Médio São Francisco,5/2002,387057.2242709384
10629,Alto São Francisco,5/2002,124441.94587815278
10626,Baixo São Francisco,6/2002,27249.675138844534
10627,Submédio São Francisco,6/2002,151108.53993914448
10628,Médio São Francisco,6/2002,375824.10637748434
10629,Alto São Francisco,6/2002,126068.10500056036
10626,Baixo São Francisco,7/2002,27400.60643955076
10627,Submédio São Francisco,7/2002,149952.97490204184
10628,Médio São Francisco,7/2002,373451.2783837876
10629,Alto São Francisco,7/2002,123020.27489489908
10626,Baixo São Francisco,8/2002,27106.36301256905
10627,Submédio São Francisco,8/2002,152298.8936108301
10628,Médio São Francisco,8/2002,370357.52539712255
10629,Alto São Francisco,8/2002,124604.91462010216
10626,Baixo São Francisco,9/2002,27744.374692500423
10627,Submédio São Francisco,9/2002,148609.99370012776
10628,Médio São Francisco,9/2002,371758.887616865
10629,Alto São Francisco,9/2002,125464.69095349744
10626,Baixo São Francisco,10/2002,27850.62630133399
10627,Submédio São Francisco,10/2002,148921.0593237459
10628,Médio São Francisco,10/2002,370666.4729666533
10629,Alto São Francisco,10/2002,123221.74590158377
10626,Baixo São Francisco,11/2002,28076.873754755965
10627,Submédio São Francisco,11/2002,143848.28043632474
10628,Médio São Francisco,11/2002,361830.7464131274
10629,Alto São Francisco,11/2002,119268.26948096509
10626,Baixo São Francisco,12/2002,27777.322213617328
10627,Submédio São Francisco,12/2002,141686.17037995512
10628,Médio São Francisco,12/2002,338488.39490314125
10629,Alto São Francisco,12/2002,120626.05985822296
10626,Baixo São Francisco,1/2003,26893.372285421243
10627,Submédio São Francisco,1/2003,137024.39262097917
10628,Médio São Francisco,1/2003,362893.175016592
10629,Alto São Francisco,1/2003,118246.39800775016
10626,Baixo São Francisco,2/2003,27158.64244684093
10627,Submédio São Francisco,2/2003,137611.87140711985
10628,Médio São Francisco,2/2003,369173.2386543284
10629,Alto São Francisco,2/2003,120270.90750886584
10626,Baixo São Francisco,3/2003,27075.697379816476
10627,Submédio São Francisco,3/2003,140383.39005844863
10628,Médio São Francisco,3/2003,371989.8069271592
10629,Alto São Francisco,3/2003,121369.8583348644
10626,Baixo São Francisco,4/2003,26637.356103012746
10627,Submédio São Francisco,4/2003,140333.87178741422
10628,Médio São Francisco,4/2003,370884.5797496323
10629,Alto São Francisco,4/2003,119543.02977743647
10626,Baixo São Francisco,5/2003,26696.76033428178
10627,Submédio São Francisco,5/2003,139555.33278506307
10628,Médio São Francisco,5/2003,366940.48643070913
10629,Alto São Francisco,5/2003,116913.46844524394
10626,Baixo São Francisco,6/2003,25773.79275366244
10627,Submédio São Francisco,6/2003,137410.9937827193
10628,Médio São Francisco,6/2003,351951.4422793445
10629,Alto São Francisco,6/2003,116031.44700862716
10626,Baixo São Francisco,7/2003,26261.82047585324
10627,Submédio São Francisco,7/2003,142287.2894781385
10628,Médio São Francisco,7/2003,356336.13691505906
10629,Alto São Francisco,7/2003,116522.51050165774
10626,Baixo São Francisco,8/2003,26824.84470415008
10627,Submédio São Francisco,8/2003,142871.8735418528
10628,Médio São Francisco,8/2003,354010.2587612935
10629,Alto São Francisco,8/2003,117099.39705109816
10626,Baixo São Francisco,9/2003,27100.899909292137
10627,Submédio São Francisco,9/2003,140933.11416016237
10628,Médio São Francisco,9/2003,355505.40387253714
10629,Alto São Francisco,9/2003,118683.43363227768
10626,Baixo São Francisco,10/2003,27115.819556391776
10627,Submédio São Francisco,10/2003,140714.15747366793
10628,Médio São Francisco,10/2003,355855.0548022123
10629,Alto São Francisco,10/2003,118652.1845913008
10626,Baixo São Francisco,11/2003,27111.613799274663
10627,Submédio São Francisco,11/2003,137769.4658229506
10628,Médio São Francisco,11/2003,345743.5753930689
10629,Alto São Francisco,11/2003,115996.9407816584
10626,Baixo São Francisco,12/2003,27463.3464414809
10627,Submédio São Francisco,12/2003,134981.83014935395
10628,Médio São Francisco,12/2003,337620.0553030451
10629,Alto São Francisco,12/2003,118082.35397032733
10626,Baixo São Francisco,1/2004,29300.250364353276
10627,Submédio São Francisco,1/2004,146032.22978378003
10628,Médio São Francisco,1/2004,398903.3425956111
10629,Alto São Francisco,1/2004,133116.1675213696
10626,Baixo São Francisco,2/2004,31862.44387827576
10627,Submédio São Francisco,2/2004,163328.84235627874
10628,Médio São Francisco,2/2004,420178.2093124923
10629,Alto São Francisco,2/2004,136536.41508624
10626,Baixo São Francisco,3/2004,30580.873181196435
10627,Submédio São Francisco,3/2004,163698.89633416507
10628,Médio São Francisco,3/2004,447678.9594151075
10629,Alto São Francisco,3/2004,138320.76787860977
10626,Baixo São Francisco,4/2004,30903.63874749807
10627,Submédio São Francisco,4/2004,166486.0861774116
10628,Médio São Francisco,4/2004,486983.6226112276
10629,Alto São Francisco,4/2004,139777.02140009633
10626,Baixo São Francisco,5/2004,30475.96840227343
10627,Submédio São Francisco,5/2004,169377.3149931922
10628,Médio São Francisco,5/2004,485519.0183239066
10629,Alto São Francisco,5/2004,140717.82379772322
10626,Baixo São Francisco,6/2004,29822.76389638806
10627,Submédio São Francisco,6/2004,169220.7875119286
10628,Médio São Francisco,6/2004,481655.0232052538
10629,Alto São Francisco,6/2004,142391.4273170542
10626,Baixo São Francisco,7/2004,29097.19264176507
10627,Submédio São Francisco,7/2004,167042.51541626352
10628,Médio São Francisco,7/2004,475962.3509245475
10629,Alto São Francisco,7/2004,139618.4649583813
10626,Baixo São Francisco,8/2004,29968.00225686881
10627,Submédio São Francisco,8/2004,170790.2692092484
10628,Médio São Francisco,8/2004,469383.4209248219
10629,Alto São Francisco,8/2004,138224.39082724773
10626,Baixo São Francisco,9/2004,29979.71955542022
10627,Submédio São Francisco,9/2004,163348.20827964577
10628,Médio São Francisco,9/2004,456921.9667605804
10629,Alto São Francisco,9/2004,136640.9481811694
10626,Baixo São Francisco,10/2004,30606.330826486064
10627,Submédio São Francisco,10/2004,164389.33748504854
10628,Médio São Francisco,10/2004,445559.0300417418
10629,Alto São Francisco,10/2004,133529.48918411415
10626,Baixo São Francisco,11/2004,31651.415279796845
10627,Submédio São Francisco,11/2004,156998.72514421708
10628,Médio São Francisco,11/2004,421980.22857816593
10629,Alto São Francisco,11/2004,127833.37486670898
10626,Baixo São Francisco,12/2004,30937.103748983736
10627,Submédio São Francisco,12/2004,154256.20573698188
10628,Médio São Francisco,12/2004,418740.5404799661
10629,Alto São Francisco,12/2004,129434.99572508546
10626,Baixo São Francisco,1/2005,30108.364805024237
10627,Submédio São Francisco,1/2005,147705.76177343095
10628,Médio São Francisco,1/2005,435046.9673136952
10629,Alto São Francisco,1/2005,140020.89688883326
10626,Baixo São Francisco,2/2005,29954.08078779228
10627,Submédio São Francisco,2/2005,155202.6062664022
10628,Médio São Francisco,2/2005,461245.48693134496
10629,Alto São Francisco,2/2005,143947.95753546228
10626,Baixo São Francisco,3/2005,31194.894464356286
10627,Submédio São Francisco,3/2005,154642.17120858474
10628,Médio São Francisco,3/2005,443474.82909686
10629,Alto São Francisco,3/2005,145474.600009793
10626,Baixo São Francisco,4/2005,29826.89617210281
10627,Submédio São Francisco,4/2005,159721.0040363445
10628,Médio São Francisco,4/2005,461480.8051212386
10629,Alto São Francisco,4/2005,143931.41603521048
10626,Baixo São Francisco,5/2005,30558.633277142435
10627,Submédio São Francisco,5/2005,160637.87583450475
10628,Médio São Francisco,5/2005,476164.4963808458
10629,Alto São Francisco,5/2005,143459.96859575418
10626,Baixo São Francisco,6/2005,30421.488485894857
10627,Submédio São Francisco,6/2005,157405.39488155232
10628,Médio São Francisco,6/2005,474168.5209504392
10629,Alto São Francisco,6/2005,144952.54164407868
10626,Baixo São Francisco,7/2005,30139.274241947456
10627,Submédio São Francisco,7/2005,160873.01953129796
10628,Médio São Francisco,7/2005,467747.7633264702
10629,Alto São Francisco,7/2005,141483.662914299
10626,Baixo São Francisco,8/2005,30745.286704218863
10627,Submédio São Francisco,8/2005,159001.99189287802
10628,Médio São Francisco,8/2005,457206.1697422057
10629,Alto São Francisco,8/2005,139259.68889948833
10626,Baixo São Francisco,9/2005,30972.62456074032
10627,Submédio São Francisco,9/2005,158255.56864709867
10628,Médio São Francisco,9/2005,445104.2076003672
10629,Alto São Francisco,9/2005,140378.04739493612
10626,Baixo São Francisco,10/2005,29910.74601268744
10627,Submédio São Francisco,10/2005,156724.4185314185
10628,Médio São Francisco,10/2005,423946.7396443632
10629,Alto São Francisco,10/2005,133949.85677635574
10626,Baixo São Francisco,11/2005,31305.641961801342
10627,Submédio São Francisco,11/2005,153648.56962668008
10628,Médio São Francisco,11/2005,408909.75028315926
10629,Alto São Francisco,11/2005,129088.18419054254
10626,Baixo São Francisco,12/2005,29339.39448911483
10627,Submédio São Francisco,12/2005,144278.94221319718
10628,Médio São Francisco,12/2005,369641.6339361026
10629,Alto São Francisco,12/2005,137431.00309174007
10626,Baixo São Francisco,1/2006,28776.457748117457
10627,Submédio São Francisco,1/2006,145516.51603483467
10628,Médio São Francisco,1/2006,473757.8417406728
10629,Alto São Francisco,1/2006,138859.21634612788
10626,Baixo São Francisco,2/2006,29639.56138987003
10627,Submédio São Francisco,2/2006,150277.78827380936
10628,Médio São Francisco,2/2006,460544.5701456812
10629,Alto São Francisco,2/2006,139285.12166284025
10626,Baixo São Francisco,3/2006,29334.35965010122
10627,Submédio São Francisco,3/2006,148829.86412581985
10628,Médio São Francisco,3/2006,441469.0145661075
10629,Alto São Francisco,3/2006,143049.23896547692
10626,Baixo São Francisco,4/2006,28889.47434283252
10627,Submédio São Francisco,4/2006,153444.77544447538
10628,Médio São Francisco,4/2006,477119.93018933845
10629,Alto São Francisco,4/2006,143923.96202575482
10626,Baixo São Francisco,5/2006,29557.34532045734
10627,Submédio São Francisco,5/2006,154985.2925181099
10628,Médio São Francisco,5/2006,477827.8575758156
10629,Alto São Francisco,5/2006,142306.90789865263
10626,Baixo São Francisco,6/2006,28191.893697118743
10627,Submédio São Francisco,6/2006,153787.24413209036
10628,Médio São Francisco,6/2006,471777.965770305
10629,Alto São Francisco,6/2006,143766.11378521717
10626,Baixo São Francisco,7/2006,28604.694911324656
10627,Submédio São Francisco,7/2006,154998.02318702283
10628,Médio São Francisco,7/2006,464324.46565726935
10629,Alto São Francisco,7/2006,140402.69768614694
10626,Baixo São Francisco,8/2006,29373.65461528792
10627,Submédio São Francisco,8/2006,154812.35968994274
10628,Médio São Francisco,8/2006,448616.3999872845
10629,Alto São Francisco,8/2006,138220.60140357222
10626,Baixo São Francisco,9/2006,29806.79196018781
10627,Submédio São Francisco,9/2006,154106.95329436584
10628,Médio São Francisco,9/2006,432422.8995301878
10629,Alto São Francisco,9/2006,136566.550558444
10626,Baixo São Francisco,10/2006,29786.58606583033
10627,Submédio São Francisco,10/2006,153426.2142391703
10628,Médio São Francisco,10/2006,416163.8074741995
10629,Alto São Francisco,10/2006,131925.5968237947
10626,Baixo São Francisco,11/2006,30164.08362552588
10627,Submédio São Francisco,11/2006,149471.3889967486
10628,Médio São Francisco,11/2006,403650.2979038956
10629,Alto São Francisco,11/2006,132161.42484777432
10626,Baixo São Francisco,12/2006,29934.105575812537
10627,Submédio São Francisco,12/2006,146326.4068529549
10628,Médio São Francisco,12/2006,407843.3665559459
10629,Alto São Francisco,12/2006,133332.12613179543
10626,Baixo São Francisco,1/2007,30243.97363921782
10627,Submédio São Francisco,1/2007,147320.0451355724
10628,Médio São Francisco,1/2007,454052.6139119032
10629,Alto São Francisco,1/2007,143025.85072801154
10626,Baixo São Francisco,2/2007,31111.739212521014
10627,Submédio São Francisco,2/2007,152297.24761221182
10628,Médio São Francisco,2/2007,467056.9284020985
10629,Alto São Francisco,2/2007,145468.14119276838
10626,Baixo São Francisco,3/2007,31104.08112865445
10627,Submédio São Francisco,3/2007,153776.03097036167
10628,Médio São Francisco,3/2007,480496.5956090915
10629,Alto São Francisco,3/2007,146808.36749932944
10626,Baixo São Francisco,4/2007,29660.960908936737
10627,Submédio São Francisco,4/2007,156465.36954534447
10628,Médio São Francisco,4/2007,477090.91129817
10629,Alto São Francisco,4/2007,144856.63366795113
10626,Baixo São Francisco,5/2007,31401.29541597704
10627,Submédio São Francisco,5/2007,158367.48947760765
10628,Médio São Francisco,5/2007,477342.1800206786
10629,Alto São Francisco,5/2007,142986.20835535813
10626,Baixo São Francisco,6/2007,29128.883136687
10627,Submédio São Francisco,6/2007,157301.56241304765
10628,Médio São Francisco,6/2007,470270.5187426272
10629,Alto São Francisco,6/2007,144125.58913734008
10626,Baixo São Francisco,7/2007,30260.380257624947
10627,Submédio São Francisco,7/2007,157512.70806521314
10628,Médio São Francisco,7/2007,458218.74830718734
10629,Alto São Francisco,7/2007,140582.71316157107
10626,Baixo São Francisco,8/2007,31232.67198242372
10627,Submédio São Francisco,8/2007,158408.59919914338
10628,Médio São Francisco,8/2007,445810.45276719664
10629,Alto São Francisco,8/2007,138451.97709069596
10626,Baixo São Francisco,9/2007,30369.747166100045
10627,Submédio São Francisco,9/2007,156947.88931373978
10628,Médio São Francisco,9/2007,429101.9954030917
10629,Alto São Francisco,9/2007,138231.44718145864
10626,Baixo São Francisco,10/2007,29877.42488416901
10627,Submédio São Francisco,10/2007,154049.63466254668
10628,Médio São Francisco,10/2007,417703.4792830535
10629,Alto São Francisco,10/2007,133550.30050631764
10626,Baixo São Francisco,11/2007,29888.98255881544
10627,Submédio São Francisco,11/2007,151030.1130293542
10628,Médio São Francisco,11/2007,405741.7018379772
10629,Alto São Francisco,11/2007,128117.94983937392
10626,Baixo São Francisco,12/2007,29261.65395254783
10627,Submédio São Francisco,12/2007,144583.94907596195
10628,Médio São Francisco,12/2007,385284.01800895
10629,Alto São Francisco,12/2007,128822.17085557264
10626,Baixo São Francisco,1/2008,28794.99363814533
10627,Submédio São Francisco,1/2008,146763.77139594944
10628,Médio São Francisco,1/2008,397630.7162425837
10629,Alto São Francisco,1/2008,140333.43576724708
10626,Baixo São Francisco,2/2008,29592.41281479364
10627,Submédio São Francisco,2/2008,153487.47406724357
10628,Médio São Francisco,2/2008,402504.43324666657
10629,Alto São Francisco,2/2008,140590.99655131955
10626,Baixo São Francisco,3/2008,29837.90813820936
10627,Submédio São Francisco,3/2008,152986.95922380933
10628,Médio São Francisco,3/2008,403438.5412570322
10629,Alto São Francisco,3/2008,144912.82748509475
10626,Baixo São Francisco,4/2008,27731.528776805422
10627,Submédio São Francisco,4/2008,158065.01275690112
10628,Médio São Francisco,4/2008,420721.9434292589
10629,Alto São Francisco,4/2008,145018.49178561702
10626,Baixo São Francisco,5/2008,30818.450325664424
10627,Submédio São Francisco,5/2008,163033.59665656686
10628,Médio São Francisco,5/2008,419436.5352569248
10629,Alto São Francisco,5/2008,143391.19910099971
10626,Baixo São Francisco,6/2008,28840.099178156284
10627,Submédio São Francisco,6/2008,161125.1908186448
10628,Médio São Francisco,6/2008,415965.7109437838
10629,Alto São Francisco,6/2008,144396.336747361
10626,Baixo São Francisco,7/2008,29744.48961152622
10627,Submédio São Francisco,7/2008,160899.66601511065
10628,Médio São Francisco,7/2008,411035.2939246408
10629,Alto São Francisco,7/2008,141649.66461321036
10626,Baixo São Francisco,8/2008,30958.21517298768
10627,Submédio São Francisco,8/2008,162556.25263151832
10628,Médio São Francisco,8/2008,402343.2387684773
10629,Alto São Francisco,8/2008,139576.11564797407
10626,Baixo São Francisco,9/2008,30731.635592169423
10627,Submédio São Francisco,9/2008,160676.66732367128
10628,Médio São Francisco,9/2008,392732.7661699636
10629,Alto São Francisco,9/2008,139181.73016392373
10626,Baixo São Francisco,10/2008,30095.141344657088
10627,Submédio São Francisco,10/2008,160437.84092516423
10628,Médio São Francisco,10/2008,389713.3844875554
10629,Alto São Francisco,10/2008,133237.3364171215
10626,Baixo São Francisco,11/2008,30628.330810127296
10627,Submédio São Francisco,11/2008,155550.63194863492
10628,Médio São Francisco,11/2008,381720.1357286908
10629,Alto São Francisco,11/2008,126359.81715542436
10626,Baixo São Francisco,12/2008,30515.729733846754
10627,Submédio São Francisco,12/2008,150726.71668140276
10628,Médio São Francisco,12/2008,377872.16322513367
10629,Alto São Francisco,12/2008,128577.21441479234
10626,Baixo São Francisco,1/2009,29860.11421279344
10627,Submédio São Francisco,1/2009,148879.0762892149
10628,Médio São Francisco,1/2009,445282.19381165
10629,Alto São Francisco,1/2009,143500.64153660004
10626,Baixo São Francisco,2/2009,31039.575832273746
10627,Submédio São Francisco,2/2009,152224.02309906622
10628,Médio São Francisco,2/2009,457940.8227814232
10629,Alto São Francisco,2/2009,146459.63990345466
10626,Baixo São Francisco,3/2009,29579.37325874076
10627,Submédio São Francisco,3/2009,151354.1732390997
10628,Médio São Francisco,3/2009,461170.5658146341
10629,Alto São Francisco,3/2009,147854.67266751814
10626,Baixo São Francisco,4/2009,27731.717430172543
10627,Submédio São Francisco,4/2009,155056.3678999065
10628,Médio São Francisco,4/2009,476551.9167250498
10629,Alto São Francisco,4/2009,143865.38433300392
10626,Baixo São Francisco,5/2009,30541.679255144587
10627,Submédio São Francisco,5/2009,152384.09254092886
10628,Médio São Francisco,5/2009,466885.6052098464
10629,Alto São Francisco,5/2009,143393.35308676065
10626,Baixo São Francisco,6/2009,28570.200147522304
10627,Submédio São Francisco,6/2009,153615.36896147847
10628,Médio São Francisco,6/2009,459486.2957250373
10629,Alto São Francisco,6/2009,143777.46334771058
10626,Baixo São Francisco,7/2009,30544.03557527792
10627,Submédio São Francisco,7/2009,154570.42419559465
10628,Médio São Francisco,7/2009,450886.6694219596
10629,Alto São Francisco,7/2009,140590.2969226438
10626,Baixo São Francisco,8/2009,30157.008337919
10627,Submédio São Francisco,8/2009,157951.42663847803
10628,Médio São Francisco,8/2009,445489.62997799326
10629,Alto São Francisco,8/2009,136838.1616324195
10626,Baixo São Francisco,9/2009,30307.49972378353
10627,Submédio São Francisco,9/2009,155676.57110840135
10628,Médio São Francisco,9/2009,436448.20243928087
10629,Alto São Francisco,9/2009,135309.64713879026
10626,Baixo São Francisco,10/2009,30484.602891074224
10627,Submédio São Francisco,10/2009,155018.89884977872
10628,Médio São Francisco,10/2009,430123.7785885223
10629,Alto São Francisco,10/2009,132344.59412712054
10626,Baixo São Francisco,11/2009,31083.445832155183
10627,Submédio São Francisco,11/2009,153442.32288901476
10628,Médio São Francisco,11/2009,415841.3304569991
10629,Alto São Francisco,11/2009,126582.26277912362
10626,Baixo São Francisco,12/2009,28151.278753738618
10627,Submédio São Francisco,12/2009,144496.65843073296
10628,Médio São Francisco,12/2009,390459.12101455865
10629,Alto São Francisco,12/2009,128993.49085161826
10626,Baixo São Francisco,1/2010,27857.251316315705
10627,Submédio São Francisco,1/2010,143216.8138846891
10628,Médio São Francisco,1/2010,439784.6067841752
10629,Alto São Francisco,1/2010,131901.389425223
10626,Baixo São Francisco,2/2010,28466.31269259448
10627,Submédio São Francisco,2/2010,144466.49911442067
10628,Médio São Francisco,2/2010,443616.8424360416
10629,Alto São Francisco,2/2010,132775.00430071994
10626,Baixo São Francisco,3/2010,28106.96838198723
10627,Submédio São Francisco,3/2010,145525.7311977402
10628,Médio São Francisco,3/2010,441761.2472931321
10629,Alto São Francisco,3/2010,135552.9560689566
10626,Baixo São Francisco,4/2010,26634.314381214343
10627,Submédio São Francisco,4/2010,148981.34253696774
10628,Médio São Francisco,4/2010,443426.3419904305
10629,Alto São Francisco,4/2010,133858.7502290785
10626,Baixo São Francisco,5/2010,29186.221645822297
10627,Submédio São Francisco,5/2010,150908.37560245613
10628,Médio São Francisco,5/2010,437506.1379173592
10629,Alto São Francisco,5/2010,130835.08877494342
10626,Baixo São Francisco,6/2010,27223.83427552604
10627,Submédio São Francisco,6/2010,148112.6885673683
10628,Médio São Francisco,6/2010,433513.7021392233
10629,Alto São Francisco,6/2010,129976.39971469795
10626,Baixo São Francisco,7/2010,28775.31134494282
10627,Submédio São Francisco,7/2010,150043.07974837002
10628,Médio São Francisco,7/2010,424316.9278082076
10629,Alto São Francisco,7/2010,128338.63927103773
10626,Baixo São Francisco,8/2010,28572.19101129815
10627,Submédio São Francisco,8/2010,147247.17977469522
10628,Médio São Francisco,8/2010,423977.4981517534
10629,Alto São Francisco,8/2010,127806.55527385892
10626,Baixo São Francisco,9/2010,29305.275200075583
10627,Submédio São Francisco,9/2010,146637.26262045294
10628,Médio São Francisco,9/2010,406539.6482346262
10629,Alto São Francisco,9/2010,129959.5075398182
10626,Baixo São Francisco,10/2010,28585.079847545418
10627,Submédio São Francisco,10/2010,147955.5279797375
10628,Médio São Francisco,10/2010,395113.61975244153
10629,Alto São Francisco,10/2010,127441.2432710373
10626,Baixo São Francisco,11/2010,27911.04116017096
10627,Submédio São Francisco,11/2010,143884.76378553902
10628,Médio São Francisco,11/2010,371163.5314270762
10629,Alto São Francisco,11/2010,119158.67985804248
10626,Baixo São Francisco,12/2010,26066.028418947004
10627,Submédio São Francisco,12/2010,135658.42045940206
10628,Médio São Francisco,12/2010,371266.8082372956
10629,Alto São Francisco,12/2010,125301.50810674916
10626,Baixo São Francisco,1/2011,26028.788625203564
10627,Submédio São Francisco,1/2011,136593.8480918824
10628,Médio São Francisco,1/2011,417068.7924234672
10629,Alto São Francisco,1/2011,136880.69396185022
10626,Baixo São Francisco,2/2011,27167.828312219328
10627,Submédio São Francisco,2/2011,141330.1117247822
10628,Médio São Francisco,2/2011,434154.6421753004
10629,Alto São Francisco,2/2011,138289.2530292153
10626,Baixo São Francisco,3/2011,27352.705897166183
10627,Submédio São Francisco,3/2011,141919.60053318716
10628,Médio São Francisco,3/2011,434113.94064385176
10629,Alto São Francisco,3/2011,145875.8039442963
10626,Baixo São Francisco,4/2011,26458.60454141641
10627,Submédio São Francisco,4/2011,142703.38456357116
10628,Médio São Francisco,4/2011,447596.67893561686
10629,Alto São Francisco,4/2011,144953.53525574895
10626,Baixo São Francisco,5/2011,26855.962845349462
10627,Submédio São Francisco,5/2011,140861.89208737173
10628,Médio São Francisco,5/2011,442508.6985490671
10629,Alto São Francisco,5/2011,142713.3264486506
10626,Baixo São Francisco,6/2011,25787.93106044143
10627,Submédio São Francisco,6/2011,145018.16117956457
10628,Médio São Francisco,6/2011,436132.3522664928
10629,Alto São Francisco,6/2011,142616.6363143099
10626,Baixo São Francisco,7/2011,25975.152006974648
10627,Submédio São Francisco,7/2011,146377.15200929053
10628,Médio São Francisco,7/2011,427202.1663622912
10629,Alto São Francisco,7/2011,139982.71275170083
10626,Baixo São Francisco,8/2011,27895.56349897697
10627,Submédio São Francisco,8/2011,146503.23498318714
10628,Médio São Francisco,8/2011,416117.1408862901
10629,Alto São Francisco,8/2011,134494.78754398576
10626,Baixo São Francisco,9/2011,26601.17249836041
10627,Submédio São Francisco,9/2011,144747.12882865497
10628,Médio São Francisco,9/2011,403005.0183181999
10629,Alto São Francisco,9/2011,130636.06772987504
10626,Baixo São Francisco,10/2011,27149.16438616188
10627,Submédio São Francisco,10/2011,144084.85636853706
10628,Médio São Francisco,10/2011,364179.7499534575
10629,Alto São Francisco,10/2011,122290.32608790886
10626,Baixo São Francisco,11/2011,25650.342302733385
10627,Submédio São Francisco,11/2011,139499.8767854615
10628,Médio São Francisco,11/2011,342846.2501842421
10629,Alto São Francisco,11/2011,113798.1303340278
10626,Baixo São Francisco,12/2011,27026.45015663165
10627,Submédio São Francisco,12/2011,135381.3665850402
10628,Médio São Francisco,12/2011,355167.44534971245
10629,Alto São Francisco,12/2011,117394.76291357393
10626,Baixo São Francisco,1/2012,26296.83466185977
10627,Submédio São Francisco,1/2012,133094.90539675596
10628,Médio São Francisco,1/2012,393293.00150393485
10629,Alto São Francisco,1/2012,140954.48346229806
10626,Baixo São Francisco,2/2012,25538.7890640502
10627,Submédio São Francisco,2/2012,132145.04818124452
10628,Médio São Francisco,2/2012,437947.36649380304
10629,Alto São Francisco,2/2012,143593.63397528985
10626,Baixo São Francisco,3/2012,26108.38261245535
10627,Submédio São Francisco,3/2012,134591.03366066926
10628,Médio São Francisco,3/2012,436526.7508637266
10629,Alto São Francisco,3/2012,144013.06575948227
10626,Baixo São Francisco,4/2012,24284.58399205353
10627,Submédio São Francisco,4/2012,133731.98311666222
10628,Médio São Francisco,4/2012,431363.5893629637
10629,Alto São Francisco,4/2012,138138.6710421702
10626,Baixo São Francisco,5/2012,24872.813333131864
10627,Submédio São Francisco,5/2012,135218.30176285843
10628,Médio São Francisco,5/2012,416010.5610043431
10629,Alto São Francisco,5/2012,135384.34680957848
10626,Baixo São Francisco,6/2012,24799.02452715157
10627,Submédio São Francisco,6/2012,135805.39503906886
10628,Médio São Francisco,6/2012,406644.5089502492
10629,Alto São Francisco,6/2012,138312.42676396688
10626,Baixo São Francisco,7/2012,25027.414027418497
10627,Submédio São Francisco,7/2012,134149.2887447431
10628,Médio São Francisco,7/2012,395499.2341401916
10629,Alto São Francisco,7/2012,133836.52741381995
10626,Baixo São Francisco,8/2012,24518.299573923105
10627,Submédio São Francisco,8/2012,131124.41465360712
10628,Médio São Francisco,8/2012,391134.9646170865
10629,Alto São Francisco,8/2012,130572.03875845618
10626,Baixo São Francisco,9/2012,25316.712948421595
10627,Submédio São Francisco,9/2012,137038.99843362856
10628,Médio São Francisco,9/2012,382189.5403844133
10629,Alto São Francisco,9/2012,129567.26057958991
10626,Baixo São Francisco,10/2012,24267.090680472564
10627,Submédio São Francisco,10/2012,133488.51289828875
10628,Médio São Francisco,10/2012,352641.6108575043
10629,Alto São Francisco,10/2012,122534.42291754756
10626,Baixo São Francisco,11/2012,25370.55151147952
10627,Submédio São Francisco,11/2012,131234.44858197682
10628,Médio São Francisco,11/2012,325927.6346968983
10629,Alto São Francisco,11/2012,107785.13248582676
10626,Baixo São Francisco,12/2012,23287.87221973012
10627,Submédio São Francisco,12/2012,126642.5598897776
10628,Médio São Francisco,12/2012,331487.5736627998
10629,Alto São Francisco,12/2012,116221.65950302532
10626,Baixo São Francisco,1/2013,22500.938740984468
10627,Submédio São Francisco,1/2013,124629.95302768127
10628,Médio São Francisco,1/2013,340662.4949648177
10629,Alto São Francisco,1/2013,108829.13981313175
10626,Baixo São Francisco,2/2013,22767.568946237578
10627,Submédio São Francisco,2/2013,125427.97795116976
10628,Médio São Francisco,2/2013,351107.078847399
10629,Alto São Francisco,2/2013,113959.64537587068
10626,Baixo São Francisco,3/2013,22634.87898279276
10627,Submédio São Francisco,3/2013,122508.0084524764
10628,Médio São Francisco,3/2013,362745.59081583726
10629,Alto São Francisco,3/2013,114423.79031905618
10626,Baixo São Francisco,4/2013,22126.07224121201
10627,Submédio São Francisco,4/2013,123626.41508850997
10628,Médio São Francisco,4/2013,367692.4278811873
10629,Alto São Francisco,4/2013,115841.53728508228
10626,Baixo São Francisco,5/2013,20956.987285868832
10627,Submédio São Francisco,5/2013,123329.56622021976
10628,Médio São Francisco,5/2013,363626.5650287366
10629,Alto São Francisco,5/2013,113297.94287052342
10626,Baixo São Francisco,6/2013,22010.970813025466
10627,Submédio São Francisco,6/2013,122944.74370636782
10628,Médio São Francisco,6/2013,361623.3917356011
10629,Alto São Francisco,6/2013,112093.1079902242
10626,Baixo São Francisco,7/2013,22326.664860476478
10627,Submédio São Francisco,7/2013,123078.34638682113
10628,Médio São Francisco,7/2013,354905.7572595157
10629,Alto São Francisco,7/2013,108795.4500479764
10626,Baixo São Francisco,8/2013,21946.281281559917
10627,Submédio São Francisco,8/2013,121589.76215229636
10628,Médio São Francisco,8/2013,352353.12141065847
10629,Alto São Francisco,8/2013,106681.02583315402
10626,Baixo São Francisco,9/2013,22402.884450190857
10627,Submédio São Francisco,9/2013,121987.14855204476
10628,Médio São Francisco,9/2013,347560.1303143837
10629,Alto São Francisco,9/2013,107718.08372727812
10626,Baixo São Francisco,10/2013,22616.189601566697
10627,Submédio São Francisco,10/2013,121192.99952742194
10628,Médio São Francisco,10/2013,330199.0458171343
10629,Alto São Francisco,10/2013,105314.26719850482
10626,Baixo São Francisco,11/2013,22279.040745318485
10627,Submédio São Francisco,11/2013,121467.88057355548
10628,Médio São Francisco,11/2013,316939.98332960537
10629,Alto São Francisco,11/2013,101358.67553549354
10626,Baixo São Francisco,12/2013,21835.27097645922
10627,Submédio São Francisco,12/2013,121460.60890672868
10628,Médio São Francisco,12/2013,351487.26264845213
10629,Alto São Francisco,12/2013,106196.36232003522
10626,Baixo São Francisco,1/2014,21560.747063090515
10627,Submédio São Francisco,1/2014,123117.15704533052
10628,Médio São Francisco,1/2014,369751.7586448585
10629,Alto São Francisco,1/2014,94944.46677230723
10626,Baixo São Francisco,2/2014,20300.561540689643
10627,Submédio São Francisco,2/2014,122141.63242218705
10628,Médio São Francisco,2/2014,377367.1290437282
10629,Alto São Francisco,2/2014,93565.60555866276
10626,Baixo São Francisco,3/2014,21317.52650577098
10627,Submédio São Francisco,3/2014,122724.80177264746
10628,Médio São Francisco,3/2014,382813.0632022252
10629,Alto São Francisco,3/2014,93206.48891554156
10626,Baixo São Francisco,4/2014,21464.50821434053
10627,Submédio São Francisco,4/2014,123256.49436055344
10628,Médio São Francisco,4/2014,382886.41381913633
10629,Alto São Francisco,4/2014,92253.39941412276
10626,Baixo São Francisco,5/2014,20180.657899342536
10627,Submédio São Francisco,5/2014,121516.82764251904
10628,Médio São Francisco,5/2014,377693.152706627
10629,Alto São Francisco,5/2014,91129.02900965088
10626,Baixo São Francisco,6/2014,21402.106652603063
10627,Submédio São Francisco,6/2014,122907.16434118272
10628,Médio São Francisco,6/2014,373275.1863200218
10629,Alto São Francisco,6/2014,90699.42781111614
10626,Baixo São Francisco,7/2014,21272.13698349708
10627,Submédio São Francisco,7/2014,121192.05904235702
10628,Médio São Francisco,7/2014,363939.18258880393
10629,Alto São Francisco,7/2014,90403.17734586413
10626,Baixo São Francisco,8/2014,20891.518831991307
10627,Submédio São Francisco,8/2014,121005.67814243838
10628,Médio São Francisco,8/2014,357515.303304413
10629,Alto São Francisco,8/2014,89836.08150855373
10626,Baixo São Francisco,9/2014,21390.331503974117
10627,Submédio São Francisco,9/2014,119724.63830729098
10628,Médio São Francisco,9/2014,351342.7126618112
10629,Alto São Francisco,9/2014,90778.1401091794
10626,Baixo São Francisco,10/2014,21506.075014585414
10627,Submédio São Francisco,10/2014,118605.12480290436
10628,Médio São Francisco,10/2014,328762.2341991983
10629,Alto São Francisco,10/2014,90889.31674383156
10626,Baixo São Francisco,11/2014,21401.727820530134
10627,Submédio São Francisco,11/2014,117858.77444643735
10628,Médio São Francisco,11/2014,311693.7122212373
10629,Alto São Francisco,11/2014,90652.19704256908
10626,Baixo São Francisco,12/2014,21002.401691936266
10627,Submédio São Francisco,12/2014,118564.064705221
10628,Médio São Francisco,12/2014,327145.84617243364
10629,Alto São Francisco,12/2014,91168.46064610238
10626,Baixo São Francisco,1/2015,20596.960107059087
10627,Submédio São Francisco,1/2015,115676.43896995355
10628,Médio São Francisco,1/2015,303023.3919882166
10629,Alto São Francisco,1/2015,94503.7832662587
10626,Baixo São Francisco,2/2015,19410.37016439398
10627,Submédio São Francisco,2/2015,116506.89785054572
10628,Médio São Francisco,2/2015,302312.84190992534
10629,Alto São Francisco,2/2015,94379.19438443272
10626,Baixo São Francisco,3/2015,20583.131792046544
10627,Submédio São Francisco,3/2015,116527.13823731468
10628,Médio São Francisco,3/2015,304700.4365978324
10629,Alto São Francisco,3/2015,95177.78803830872
10626,Baixo São Francisco,4/2015,20346.267488275105
10627,Submédio São Francisco,4/2015,116633.5238705096
10628,Médio São Francisco,4/2015,303751.66290886106
10629,Alto São Francisco,4/2015,95885.53050756312
10626,Baixo São Francisco,5/2015,20324.090075214524
10627,Submédio São Francisco,5/2015,116087.71853196502
10628,Médio São Francisco,5/2015,302790.68767178344
10629,Alto São Francisco,5/2015,96702.24242023204
10626,Baixo São Francisco,6/2015,20386.02651880934
10627,Submédio São Francisco,6/2015,116346.88450783184
10628,Médio São Francisco,6/2015,299888.5967683833
10629,Alto São Francisco,6/2015,95138.62432408854
10626,Baixo São Francisco,7/2015,20008.93150139757
10627,Submédio São Francisco,7/2015,116180.4828489226
10628,Médio São Francisco,7/2015,297508.7251494817
10629,Alto São Francisco,7/2015,95045.00944233753
10626,Baixo São Francisco,8/2015,20161.3239742324
10627,Submédio São Francisco,8/2015,115666.5192058616
10628,Médio São Francisco,8/2015,294893.5840753994
10629,Alto São Francisco,8/2015,93954.6336568757
10626,Baixo São Francisco,9/2015,20502.03434820163
10627,Submédio São Francisco,9/2015,115454.04413786
10628,Médio São Francisco,9/2015,293707.486142946
10629,Alto São Francisco,9/2015,94693.45069978344
10626,Baixo São Francisco,10/2015,20590.6859278989
10627,Submédio São Francisco,10/2015,114801.63308175276
10628,Médio São Francisco,10/2015,291059.7494401719
10629,Alto São Francisco,10/2015,94066.36798910884
10626,Baixo São Francisco,11/2015,20398.48507045894
10627,Submédio São Francisco,11/2015,114321.09290434852
10628,Médio São Francisco,11/2015,291282.65148239816
10629,Alto São Francisco,11/2015,94036.10611066014
10626,Baixo São Francisco,12/2015,20351.77930395081
10627,Submédio São Francisco,12/2015,114524.6803088752
10628,Médio São Francisco,12/2015,297385.4023455347
10629,Alto São Francisco,12/2015,94376.3055380165
10626,Baixo São Francisco,1/2016,19799.411311399323
10627,Submédio São Francisco,1/2016,115510.67151755904
10628,Médio São Francisco,1/2016,306587.3072086433
10629,Alto São Francisco,1/2016,95847.96039273228
10626,Baixo São Francisco,2/2016,19500.637210206733
10627,Submédio São Francisco,2/2016,118309.51270838991
10628,Médio São Francisco,2/2016,325400.00638236565
10629,Alto São Francisco,2/2016,96849.80373425545
10626,Baixo São Francisco,3/2016,19850.294428035304
10627,Submédio São Francisco,3/2016,119645.76721099422
10628,Médio São Francisco,3/2016,328971.0740328006
10629,Alto São Francisco,3/2016,97670.59510820004
10626,Baixo São Francisco,4/2016,19723.02735985964
10627,Submédio São Francisco,4/2016,118486.02226489362
10628,Médio São Francisco,4/2016,326357.70246996084
10629,Alto São Francisco,4/2016,98100.64593503144
10626,Baixo São Francisco,5/2016,19541.98958653301
10627,Submédio São Francisco,5/2016,118443.2768975085
10628,Médio São Francisco,5/2016,319076.28203001025
10629,Alto São Francisco,5/2016,97704.70559009952
10626,Baixo São Francisco,6/2016,19743.84681526539
10627,Submédio São Francisco,6/2016,117517.68569988658
10628,Médio São Francisco,6/2016,313321.76202812284
10629,Alto São Francisco,6/2016,96817.09436676383
10626,Baixo São Francisco,7/2016,19269.841545943946
10627,Submédio São Francisco,7/2016,118096.70979270167
10628,Médio São Francisco,7/2016,309949.6903360527
10629,Alto São Francisco,7/2016,95850.61015272875
10626,Baixo São Francisco,8/2016,19333.806959268622
10627,Submédio São Francisco,8/2016,117315.4814106045
10628,Médio São Francisco,8/2016,305406.591862425
10629,Alto São Francisco,8/2016,94518.40497359636
10626,Baixo São Francisco,9/2016,19578.39801910999
10627,Submédio São Francisco,9/2016,116114.34021584522
10628,Médio São Francisco,9/2016,303233.5988293173
10629,Alto São Francisco,9/2016,95003.56583446651
10626,Baixo São Francisco,10/2016,19679.84169321185
10627,Submédio São Francisco,10/2016,115369.64191087062
10628,Médio São Francisco,10/2016,298472.93943792017
10629,Alto São Francisco,10/2016,94888.11907391596
10626,Baixo São Francisco,11/2016,19594.171942627578
10627,Submédio São Francisco,11/2016,114789.61725658896
10628,Médio São Francisco,11/2016,299458.7062911342
10629,Alto São Francisco,11/2016,94427.52137383026
10626,Baixo São Francisco,12/2016,19543.05625645637
10627,Submédio São Francisco,12/2016,114384.70169512516
10628,Médio São Francisco,12/2016,303496.838653766
10629,Alto São Francisco,12/2016,95746.15653231724
10626,Baixo São Francisco,1/2017,19396.99799090081
10627,Submédio São Francisco,1/2017,113389.30264697924
10628,Médio São Francisco,1/2017,292412.1857113068
10629,Alto São Francisco,1/2017,92886.5994952746
10626,Baixo São Francisco,2/2017,19221.6788729618
10627,Submédio São Francisco,2/2017,114832.6316305906
10628,Médio São Francisco,2/2017,296360.42519660667
10629,Alto São Francisco,2/2017,92683.58902235156
10626,Baixo São Francisco,3/2017,19456.46246149109
10627,Submédio São Francisco,3/2017,114359.64827073604
10628,Médio São Francisco,3/2017,295987.10716490843
10629,Alto São Francisco,3/2017,94446.79145099336
10626,Baixo São Francisco,4/2017,19438.147008181317
10627,Submédio São Francisco,4/2017,114345.05952810116
10628,Médio São Francisco,4/2017,294975.3297628579
10629,Alto São Francisco,4/2017,93865.7238615603
10626,Baixo São Francisco,5/2017,19532.847516852944
10627,Submédio São Francisco,5/2017,115532.26804638136
10628,Médio São Francisco,5/2017,292729.6922393313
10629,Alto São Francisco,5/2017,93595.54342285238
10626,Baixo São Francisco,6/2017,20164.364072294054
10627,Submédio São Francisco,6/2017,115268.7786695327
10628,Médio São Francisco,6/2017,291957.57818831
10629,Alto São Francisco,6/2017,92267.25754933992
10626,Baixo São Francisco,7/2017,20359.810952995325
10627,Submédio São Francisco,7/2017,114655.7672597378
10628,Médio São Francisco,7/2017,289963.72925915534
10629,Alto São Francisco,7/2017,91857.13783002566
10626,Baixo São Francisco,8/2017,20059.57581698188
10627,Submédio São Francisco,8/2017,114764.88967966096
10628,Médio São Francisco,8/2017,286962.21419691155
10629,Alto São Francisco,8/2017,91267.89160180342
10626,Baixo São Francisco,9/2017,19902.870462739767
10627,Submédio São Francisco,9/2017,113789.43023355251
10628,Médio São Francisco,9/2017,285693.7475165101
10629,Alto São Francisco,9/2017,91732.82793168364
10626,Baixo São Francisco,10/2017,20523.04519993577
10627,Submédio São Francisco,10/2017,113530.36116836578
10628,Médio São Francisco,10/2017,283911.0430229727
10629,Alto São Francisco,10/2017,91157.82614908554
10626,Baixo São Francisco,11/2017,20173.10225170385
10627,Submédio São Francisco,11/2017,113668.5127753099
10628,Médio São Francisco,11/2017,285337.80497643305
10629,Alto São Francisco,11/2017,91258.56034492276
10626,Baixo São Francisco,12/2017,20511.7619894743
10627,Submédio São Francisco,12/2017,113623.72768441756
10628,Médio São Francisco,12/2017,291437.44117323693
10629,Alto São Francisco,12/2017,92230.39834309218
10626,Baixo São Francisco,1/2018,19667.31676690245
10627,Submédio São Francisco,1/2018,115135.8420741173
10628,Médio São Francisco,1/2018,314170.2438442171
10629,Alto São Francisco,1/2018,104108.09590009852
10626,Baixo São Francisco,2/2018,19889.289397068453
10627,Submédio São Francisco,2/2018,118880.82293243616
10628,Médio São Francisco,2/2018,316605.02731190086
10629,Alto São Francisco,2/2018,105170.87537822998
10626,Baixo São Francisco,3/2018,19596.124932257622
10627,Submédio São Francisco,3/2018,120658.85996610236
10628,Médio São Francisco,3/2018,322830.7656257192
10629,Alto São Francisco,3/2018,106913.62342084704
10626,Baixo São Francisco,4/2018,19235.926818909225
10627,Submédio São Francisco,4/2018,121662.4697463894
10628,Médio São Francisco,4/2018,324882.2344344285
10629,Alto São Francisco,4/2018,106689.16910644493
10626,Baixo São Francisco,5/2018,19901.361955758635
10627,Submédio São Francisco,5/2018,122551.97359946147
10628,Médio São Francisco,5/2018,321150.4893901279
10629,Alto São Francisco,5/2018,106469.03176474656
10626,Baixo São Francisco,6/2018,19285.53321394123
10627,Submédio São Francisco,6/2018,122485.15614587964
10628,Médio São Francisco,6/2018,319275.9631456477
10629,Alto São Francisco,6/2018,104272.73615240266
10626,Baixo São Francisco,7/2018,19535.474075897404
10627,Submédio São Francisco,7/2018,122637.2177801262
10628,Médio São Francisco,7/2018,314752.7243377451
10629,Alto São Francisco,7/2018,102400.70311559436
10626,Baixo São Francisco,8/2018,19572.910318253253
10627,Submédio São Francisco,8/2018,121135.02705571069
10628,Médio São Francisco,8/2018,310254.7987816664
10629,Alto São Francisco,8/2018,101891.09313973627
10626,Baixo São Francisco,9/2018,19743.435753156715
10627,Submédio São Francisco,9/2018,119817.46188587656
10628,Médio São Francisco,9/2018,307610.14674850734
10629,Alto São Francisco,9/2018,102013.2705837198
10626,Baixo São Francisco,10/2018,19847.964318551843
10627,Submédio São Francisco,10/2018,118364.14184456624
10628,Médio São Francisco,10/2018,301094.301570944
10629,Alto São Francisco,10/2018,101647.92083869684
10626,Baixo São Francisco,11/2018,19542.88117292115
10627,Submédio São Francisco,11/2018,117718.56914102312
10628,Médio São Francisco,11/2018,297475.7888906975
10629,Alto São Francisco,11/2018,103020.41364897243
10626,Baixo São Francisco,12/2018,19912.773619757667
10627,Submédio São Francisco,12/2018,117270.75864718691
10628,Médio São Francisco,12/2018,315463.4010781276
10629,Alto São Francisco,12/2018,107628.2655127885
10626,Baixo São Francisco,1/2019,19140.226039195488
10627,Submédio São Francisco,1/2019,115589.41975748634
10628,Médio São Francisco,1/2019,319082.2158499698
10629,Alto São Francisco,1/2019,110828.31185637924
10626,Baixo São Francisco,2/2019,19289.53919722412
10627,Submédio São Francisco,2/2019,119061.96234155238
10628,Médio São Francisco,2/2019,318304.1211558831
10629,Alto São Francisco,2/2019,113995.10189465588
10626,Baixo São Francisco,3/2019,19122.94995366152
10627,Submédio São Francisco,3/2019,117458.03499063144
10628,Médio São Francisco,3/2019,324816.63801476225
10629,Alto São Francisco,3/2019,119427.40282752352
10626,Baixo São Francisco,4/2019,19088.408907336227
10627,Submédio São Francisco,4/2019,120976.52990657352
10628,Médio São Francisco,4/2019,328217.31322109635
10629,Alto São Francisco,4/2019,124079.23612119448
10626,Baixo São Francisco,5/2019,19515.09816721912
10627,Submédio São Francisco,5/2019,120505.83587187434
10628,Médio São Francisco,5/2019,329746.7983170936
10629,Alto São Francisco,5/2019,124302.20241693618
10626,Baixo São Francisco,6/2019,19393.092367036737
10627,Submédio São Francisco,6/2019,120738.2555854472
10628,Médio São Francisco,6/2019,326625.0796367522
10629,Alto São Francisco,6/2019,123207.53733403231
10626,Baixo São Francisco,7/2019,19574.44384435448
10627,Submédio São Francisco,7/2019,120624.46609861248
10628,Médio São Francisco,7/2019,324228.3638678864
10629,Alto São Francisco,7/2019,105299.41200015249
10626,Baixo São Francisco,8/2019,19374.75279966907
10627,Submédio São Francisco,8/2019,121298.98420088108
10628,Médio São Francisco,8/2019,321178.24139442603
10629,Alto São Francisco,8/2019,119569.3745133711
10626,Baixo São Francisco,9/2019,19554.96068237175
10627,Submédio São Francisco,9/2019,119768.25566360724
10628,Médio São Francisco,9/2019,315772.47605532536
10629,Alto São Francisco,9/2019,116218.48807858244
10626,Baixo São Francisco,10/2019,19850.398115695643
10627,Submédio São Francisco,10/2019,118825.3526719506
10628,Médio São Francisco,10/2019,303734.2945315542
10629,Alto São Francisco,10/2019,112480.84122564584
10626,Baixo São Francisco,11/2019,19685.082023633768
10627,Submédio São Francisco,11/2019,117228.84511660229
10628,Médio São Francisco,11/2019,296376.8991004064
10629,Alto São Francisco,11/2019,107506.46778842332
10626,Baixo São Francisco,12/2019,19520.333725843968
10627,Submédio São Francisco,12/2019,117232.3507198162
10628,Médio São Francisco,12/2019,302500.20969248586
10629,Alto São Francisco,12/2019,104110.38846646376
10626,Baixo São Francisco,1/2020,19813.642099803637
10627,Submédio São Francisco,1/2020,116952.75160939652
10628,Médio São Francisco,1/2020,324500.7897872005
10629,Alto São Francisco,1/2020,113309.52154361962
10626,Baixo São Francisco,2/2020,19940.919879429435
10627,Submédio São Francisco,2/2020,123230.62825156748
10628,Médio São Francisco,2/2020,349966.6191053376
10629,Alto São Francisco,2/2020,118070.66378085031
10626,Baixo São Francisco,3/2020,19875.97196194481
10627,Submédio São Francisco,3/2020,119381.44760760924
10628,Médio São Francisco,3/2020,344445.5703909342
10629,Alto São Francisco,3/2020,133916.97704138857
10626,Baixo São Francisco,4/2020,20818.925519932305
10627,Submédio São Francisco,4/2020,127110.78433588592
10628,Médio São Francisco,4/2020,435178.9418980056
10629,Alto São Francisco,4/2020,139033.55472379344
10626,Baixo São Francisco,5/2020,21517.11517189757
10627,Submédio São Francisco,5/2020,130004.36531652698
10628,Médio São Francisco,5/2020,451111.5070489995
10629,Alto São Francisco,5/2020,137521.59943122097
10626,Baixo São Francisco,6/2020,20226.811967027465
10627,Submédio São Francisco,6/2020,131457.649481645
10628,Médio São Francisco,6/2020,449965.0160466919
10629,Alto São Francisco,6/2020,135807.5359164311
10626,Baixo São Francisco,7/2020,20260.53947073957
10627,Submédio São Francisco,7/2020,137181.18247198957
10628,Médio São Francisco,7/2020,445466.1055697414
10629,Alto São Francisco,7/2020,135042.6524739686
10626,Baixo São Francisco,8/2020,20111.678832521386
10627,Submédio São Francisco,8/2020,138254.47642013078
10628,Médio São Francisco,8/2020,434056.25174465385
10629,Alto São Francisco,8/2020,129586.2325909467
10626,Baixo São Francisco,9/2020,21276.16622781756
10627,Submédio São Francisco,9/2020,135288.50606005327
10628,Médio São Francisco,9/2020,416645.0057095959
10629,Alto São Francisco,9/2020,123652.82388978275
10626,Baixo São Francisco,10/2020,22081.853503403712
10627,Submédio São Francisco,10/2020,132704.66435997034
10628,Médio São Francisco,10/2020,402347.3088456656
10629,Alto São Francisco,10/2020,119417.8517199826
10626,Baixo São Francisco,11/2020,20438.500842340443
10627,Submédio São Francisco,11/2020,130060.84494473969
10628,Médio São Francisco,11/2020,350549.0339701007
10629,Alto São Francisco,11/2020,109870.46175900388
10626,Baixo São Francisco,12/2020,21337.90600431931
10627,Submédio São Francisco,12/2020,128349.13144340397
10628,Médio São Francisco,12/2020,384622.3193520202
10629,Alto São Francisco,12/2020,108624.66354571884
10626,Baixo São Francisco,1/2021,18828.02802345519
10627,Submédio São Francisco,1/2021,118900.93743226078
10628,Médio São Francisco,1/2021,369703.9739094152
10629,Alto São Francisco,1/2021,116002.62166384756
10626,Baixo São Francisco,2/2021,18777.386660887627
10627,Submédio São Francisco,2/2021,122956.54780841975
10628,Médio São Francisco,2/2021,330085.6555412949
10629,Alto São Francisco,2/2021,109971.55630774818
10626,Baixo São Francisco,3/2021,19715.99143030075
10627,Submédio São Francisco,3/2021,125561.53556981754
10628,Médio São Francisco,3/2021,390862.1108950364
10629,Alto São Francisco,3/2021,122532.94239148677
10626,Baixo São Francisco,4/2021,20024.650444475712
10627,Submédio São Francisco,4/2021,123428.76608447728
10628,Médio São Francisco,4/2021,386064.1147028464
10629,Alto São Francisco,4/2021,122076.83369262988
10626,Baixo São Francisco,5/2021,19490.940410360443
10627,Submédio São Francisco,5/2021,125424.73010951727
10628,Médio São Francisco,5/2021,388642.9024048249
10629,Alto São Francisco,5/2021,119982.26066280394
10626,Baixo São Francisco,6/2021,19458.0927575886
10627,Submédio São Francisco,6/2021,121172.50024114396
10628,Médio São Francisco,6/2021,378305.7808214222
10629,Alto São Francisco,6/2021,119497.25298939255
10626,Baixo São Francisco,7/2021,19384.411484071137
10627,Submédio São Francisco,7/2021,122682.46153005004
10628,Médio São Francisco,7/2021,369628.88271503226
10629,Alto São Francisco,7/2021,115487.47437629385
10626,Baixo São Francisco,8/2021,19063.51352966337
10627,Submédio São Francisco,8/2021,126887.14090710889
10628,Médio São Francisco,8/2021,363959.1379027409
10629,Alto São Francisco,8/2021,112723.76168780137
10626,Baixo São Francisco,9/2021,20573.08327350432
10627,Submédio São Francisco,9/2021,129032.50824227094
10628,Médio São Francisco,9/2021,359440.0559367015
10629,Alto São Francisco,9/2021,112352.10571682335
10626,Baixo São Francisco,10/2021,20407.870669961343
10627,Submédio São Francisco,10/2021,126854.38038962152
10628,Médio São Francisco,10/2021,336063.4043368218
10629,Alto São Francisco,10/2021,105496.71972953304
10626,Baixo São Francisco,11/2021,19686.85629985525
10627,Submédio São Francisco,11/2021,121612.56033950954
10628,Médio São Francisco,11/2021,331993.7725277023
10629,Alto São Francisco,11/2021,103606.95894901312
10626,Baixo São Francisco,12/2021,19547.24497290224
10627,Submédio São Francisco,12/2021,120938.19048063304
10628,Médio São Francisco,12/2021,337458.0486906805
10629,Alto São Francisco,12/2021,105743.39730089068
